cell_type,n_neurons,entropy,mean_null_entropy,std_null_entropy,z_score,p_value,q_value,dominant_nt,dominant_frac,n_nt_types,nt_distribution
R7,474,1.6248866708525729,1.1948890574291884,0.06052486645182038,7.1044785165395705,0.000999000999000999,0.23376623376623376,GLUT,0.4409282700421941,6,"{""GLUT"": 209, ""GABA"": 184, ""ACH"": 69, ""OCT"": 7, ""DA"": 3, ""SER"": 2}"
R8,475,1.3756291741423423,1.1941201051264176,0.05837299975739351,3.1094696138677502,0.000999000999000999,0.23376623376623376,ACH,0.5789473684210527,5,"{""ACH"": 275, ""GLUT"": 152, ""GABA"": 43, ""SER"": 3, ""OCT"": 2}"
PFGs,17,1.9039678130877662,1.0625050964318095,0.3102542965028516,2.712171035633741,0.000999000999000999,0.23376623376623376,SER,0.35294117647058826,4,"{""SER"": 6, ""DA"": 5, ""GLUT"": 4, ""ACH"": 2}"
Sm19,24,1.3965354233178195,1.1027498048023965,0.2587158237601616,1.135553342836008,0.11188811188811189,1.0,ACH,0.5833333333333334,3,"{""ACH"": 14, ""GABA"": 5, ""GLUT"": 5}"
FR1,10,1.3609640474436813,0.9823201598112106,0.3828525237288647,0.9890071611507136,0.17582417582417584,1.0,ACH,0.5,3,"{""ACH"": 5, ""GABA"": 4, ""DA"": 1}"
Lai,140,1.238858362226506,1.1787852291169727,0.10914303670096105,0.5504073821413497,0.2887112887112887,1.0,GABA,0.5,4,"{""GABA"": 70, ""ACH"": 64, ""GLUT"": 5, ""DA"": 1}"
ORN_V,36,1.2539878735947696,1.1380359936839208,0.2118391529902872,0.5473581171095654,0.2887112887112887,1.0,SER,0.4722222222222222,3,"{""SER"": 17, ""ACH"": 17, ""GABA"": 2}"
AN_GNG_167,10,0.9709505944546686,0.9817486725428844,0.40175650214980085,-0.026877170700250783,0.5134865134865135,1.0,GLUT,0.6,2,"{""GLUT"": 6, ""ACH"": 4}"
AN_GNG_175,23,1.0676111603502403,1.0836597107840558,0.2773245404767567,-0.057869204096492675,0.6033966033966034,1.0,ACH,0.7391304347826086,3,"{""ACH"": 17, ""SER"": 4, ""GLUT"": 2}"
SA_VTV_5,12,1.0,1.0290086467559505,0.3631897392526652,-0.07987187858236726,0.6163836163836164,1.0,GLUT,0.5,2,"{""GLUT"": 6, ""ACH"": 6}"
vDeltaB,11,0.9456603046006401,0.9776310745990774,0.38254377158652897,-0.08357414856303758,0.5434565434565435,1.0,ACH,0.6363636363636364,2,"{""ACH"": 7, ""SER"": 4}"
ENS5,10,0.9709505944546686,1.0052686191687272,0.38341005100848563,-0.08950736847871295,0.5194805194805194,1.0,SER,0.6,2,"{""SER"": 6, ""OCT"": 4}"
mAL4,25,1.0783220795483648,1.1017692699842594,0.25208416182216165,-0.09301334231555548,0.5754245754245755,1.0,GLUT,0.68,3,"{""GLUT"": 17, ""GABA"": 7, ""ACH"": 1}"
WEDPN6B,14,0.9852281360342515,1.038756809025548,0.3334585551648235,-0.16052571500178778,0.5444555444555444,1.0,GLUT,0.5714285714285714,2,"{""GLUT"": 8, ""GABA"": 6}"
CB1008,13,0.9612366047228759,1.020565207210599,0.36112823425435064,-0.16428680136357532,0.6663336663336663,1.0,ACH,0.6153846153846154,2,"{""ACH"": 8, ""SER"": 5}"
LPi08,31,1.0584546687309146,1.1085024754482813,0.22324253349698697,-0.22418580336547791,0.6323676323676324,1.0,GLUT,0.6774193548387096,3,"{""GLUT"": 21, ""GABA"": 9, ""ACH"": 1}"
vDeltaC,10,0.8812908992306927,0.9744280484307413,0.3939514586859552,-0.23641783053859525,0.6923076923076923,1.0,ACH,0.7,2,"{""ACH"": 7, ""SER"": 3}"
AN_GNG_69,10,0.8812908992306927,0.9763153441989431,0.39588915036708555,-0.24002790902488633,0.6933066933066933,1.0,GABA,0.7,2,"{""GABA"": 7, ""SER"": 3}"
DNge094,10,0.8812908992306927,0.9794805266799067,0.39245298295698106,-0.25019462639675516,0.7052947052947053,1.0,ACH,0.7,2,"{""ACH"": 7, ""SER"": 3}"
CRE056,10,0.8812908992306927,0.9861774484993927,0.38630195628958314,-0.2715144139473992,0.6953046953046953,1.0,GABA,0.7,2,"{""GABA"": 7, ""GLUT"": 3}"
LB1a,10,0.8812908992306927,0.9847437044459475,0.37900668367547613,-0.27295773312492844,0.7092907092907093,1.0,ACH,0.7,2,"{""ACH"": 7, ""SER"": 3}"
AN_IPS_GNG_7,12,0.9182958340544896,1.0175847618091327,0.3616048251978168,-0.27457854772907664,0.6323676323676324,1.0,ACH,0.6666666666666666,2,"{""ACH"": 8, ""GABA"": 4}"
FC2A,10,0.8812908992306927,0.9963315799819639,0.4002424967519403,-0.2874274513197691,0.7142857142857143,1.0,ACH,0.7,2,"{""ACH"": 7, ""SER"": 3}"
LMa3,19,0.9980008838722996,1.09114619847403,0.2913018857243116,-0.3197552750821644,0.6573426573426573,1.0,GABA,0.5263157894736842,2,"{""GABA"": 10, ""GLUT"": 9}"
vDeltaA_b,17,0.9774178175281716,1.0735454749960105,0.2979183029070087,-0.3226644906669057,0.7242757242757243,1.0,SER,0.5882352941176471,2,"{""SER"": 10, ""ACH"": 7}"
LHAV4a4,17,0.9366673818775626,1.0484762621898378,0.3149834818030806,-0.35496744042652745,0.7012987012987013,1.0,GLUT,0.6470588235294118,2,"{""GLUT"": 11, ""GABA"": 6}"
ORN_VM3,23,0.9876925088958034,1.08354365269796,0.26697748399127746,-0.3590233242489027,0.6543456543456544,1.0,SER,0.5652173913043478,2,"{""SER"": 13, ""ACH"": 10}"
Dm19,11,0.8453509366224364,0.9835366081492862,0.3832568539690405,-0.3605562955907696,0.7292707292707292,1.0,GABA,0.7272727272727273,2,"{""GABA"": 8, ""GLUT"": 3}"
ORN_DM5,24,1.0,1.0959230181329114,0.2493176506763451,-0.3847421868154657,0.6933066933066933,1.0,ACH,0.5,2,"{""ACH"": 12, ""SER"": 12}"
AN_GNG_197,13,0.8904916402194913,1.038125755218117,0.33597468789131957,-0.4394203501615632,0.7112887112887113,1.0,GABA,0.6923076923076923,2,"{""GABA"": 9, ""GLUT"": 4}"
Sm22,29,0.9922666387194963,1.1081297275082158,0.2325980141649985,-0.49812587267632263,0.7252747252747253,1.0,GLUT,0.5517241379310345,2,"{""GLUT"": 16, ""GABA"": 13}"
ORN_DM1,31,0.9932338197397066,1.114108137198278,0.2227845594271945,-0.542561467317814,0.6823176823176823,1.0,ACH,0.5483870967741935,2,"{""ACH"": 17, ""SER"": 14}"
MeTu2b,28,0.9591963191047147,1.1148772387847117,0.2415416704153409,-0.6445302767522357,0.7512487512487512,1.0,ACH,0.75,3,"{""ACH"": 21, ""GABA"": 6, ""DA"": 1}"
DmDRA2,19,0.8997437586982626,1.0840451926003019,0.2790465251126971,-0.6604684786080255,0.8061938061938062,1.0,GLUT,0.6842105263157895,2,"{""GLUT"": 13, ""GABA"": 6}"
PFR,22,0.9373012413074895,1.106584349561572,0.2554277807034232,-0.6627435269096151,0.7992007992007992,1.0,DA,0.7727272727272727,3,"{""DA"": 17, ""SER"": 4, ""GLUT"": 1}"
DNg08_a,10,0.7219280948873623,0.9807421769639205,0.3873230552584844,-0.6682124354922164,0.8061938061938062,1.0,GLUT,0.8,2,"{""GLUT"": 8, ""GABA"": 2}"
Sm17,13,0.7732283485249176,1.0300060592743172,0.35600239026796454,-0.7212808615024239,0.8201798201798202,1.0,GABA,0.8461538461538461,3,"{""GABA"": 11, ""GLUT"": 1, ""ACH"": 1}"
ORN_VL1,30,0.9182958340544896,1.122024611840356,0.22272179608622064,-0.9147231270845109,0.8161838161838162,1.0,ACH,0.6666666666666666,2,"{""ACH"": 20, ""SER"": 10}"
ORN_DA3,13,0.6193821946787638,1.0129833933215617,0.3521703531119479,-1.1176443308323574,0.9040959040959041,1.0,SER,0.8461538461538461,2,"{""SER"": 11, ""ACH"": 2}"
Dm16,59,0.9646900825612558,1.153874290841402,0.16633265923760568,-1.1373846191558634,0.8801198801198801,1.0,GABA,0.6101694915254238,2,"{""GABA"": 36, ""GLUT"": 23}"
Dm4,60,0.9603622703154779,1.1565552389527376,0.16213461446064573,-1.2100622022626808,0.8931068931068931,1.0,GLUT,0.6166666666666667,2,"{""GLUT"": 37, ""GABA"": 23}"
ORN_VA1v,60,0.9603622703154779,1.1514508035060367,0.15771290506888141,-1.2116226830461365,0.8931068931068931,1.0,ACH,0.6166666666666667,2,"{""ACH"": 37, ""SER"": 23}"
ENS3,16,0.6962122601251458,1.062476698845397,0.3022514121994459,-1.2117873529688101,0.8681318681318682,1.0,SER,0.8125,2,"{""SER"": 13, ""ACH"": 3}"
LB1c,10,0.4689955935892812,0.9753882162051605,0.3959296538643298,-1.278996452206636,0.9600399600399601,1.0,SER,0.9,2,"{""SER"": 9, ""ACH"": 1}"
WED040,10,0.4689955935892812,0.9785300133476551,0.39178438095223683,-1.300548068097927,0.955044955044955,1.0,GLUT,0.9,2,"{""GLUT"": 9, ""ACH"": 1}"
FB5R,10,0.4689955935892812,0.9787154770916636,0.3843736346818044,-1.3261052203134152,0.9690309690309691,1.0,GLUT,0.9,2,"{""GLUT"": 9, ""DA"": 1}"
SA_DMT_ADMN_11,10,0.4689955935892812,0.9914023171392778,0.38766979948270874,-1.347555894854527,0.9590409590409591,1.0,ACH,0.9,2,"{""ACH"": 9, ""GLUT"": 1}"
SMP107,10,0.4689955935892812,0.988091281247326,0.38145145953491155,-1.3608433646864462,0.965034965034965,1.0,GLUT,0.9,2,"{""GLUT"": 9, ""ACH"": 1}"
TuBu05,10,0.4689955935892812,1.001169378556716,0.38699638001862185,-1.3751389223377932,0.965034965034965,1.0,ACH,0.9,2,"{""ACH"": 9, ""GABA"": 1}"
AN_GNG_164,10,0.4689955935892812,0.9906806996357501,0.37321947243399006,-1.3977971262974158,0.9690309690309691,1.0,ACH,0.9,2,"{""ACH"": 9, ""SER"": 1}"
JO-F,43,0.8454801825506668,1.134788117683486,0.19833574862345824,-1.4586777075779327,0.9210789210789211,1.0,ACH,0.7906976744186046,3,"{""ACH"": 34, ""SER"": 8, ""GLUT"": 1}"
PFNp,158,1.0198220093446957,1.178199070895433,0.10182799842995173,-1.5553390422348938,0.942057942057942,1.0,ACH,0.689873417721519,3,"{""ACH"": 109, ""DA"": 45, ""SER"": 4}"
LPi09,83,0.9438767571287909,1.163506394124238,0.13423858557772295,-1.6361140580424511,0.949050949050949,1.0,GABA,0.6385542168674698,2,"{""GABA"": 53, ""GLUT"": 30}"
CL123,12,0.41381685030363374,1.0115915428171165,0.3635290892351062,-1.6443654998042876,0.974025974025974,1.0,ACH,0.9166666666666666,2,"{""ACH"": 11, ""SER"": 1}"
JO-A,32,0.7578784625383954,1.114827602007058,0.21453661632268128,-1.663814530065025,0.951048951048951,1.0,ACH,0.78125,2,"{""ACH"": 25, ""SER"": 7}"
Dm20,62,0.8837342952634009,1.161577675219474,0.163598617392646,-1.6983235212143215,0.951048951048951,1.0,GABA,0.7580645161290323,3,"{""GABA"": 47, ""GLUT"": 14, ""ACH"": 1}"
OCC02b,13,0.39124356362925566,1.0169094368321125,0.35223247456239803,-1.7762867378431344,0.9820179820179821,1.0,GLUT,0.9230769230769231,2,"{""GLUT"": 12, ""ACH"": 1}"
JO-EVL,13,0.39124356362925566,1.0238378071219358,0.3439707886772824,-1.8390929239232223,0.988011988011988,1.0,ACH,0.9230769230769231,2,"{""ACH"": 12, ""GLUT"": 1}"
Tlp14,48,0.77655578544446,1.139853843341891,0.18590787350784863,-1.9541832792901765,0.972027972027972,1.0,GLUT,0.7708333333333334,2,"{""GLUT"": 37, ""GABA"": 11}"
ORN_DC1,22,0.5746356978376794,1.0916098004055759,0.26261397389300917,-1.9685704264104218,0.973026973026973,1.0,ACH,0.8636363636363636,2,"{""ACH"": 19, ""SER"": 3}"
Dm12,152,0.9717150802237341,1.1854502140235348,0.103232845857987,-2.0704179180900133,0.978021978021978,1.0,GABA,0.5986842105263158,2,"{""GABA"": 91, ""GLUT"": 61}"
MTe04,30,0.6500224216483541,1.1111676066664171,0.22246751115415964,-2.0728653034577746,0.978021978021978,1.0,ACH,0.8333333333333334,2,"{""ACH"": 25, ""GLUT"": 5}"
T1,296,1.0255166818306294,1.1881210592978428,0.07423262597871423,-2.1904705016610797,0.9790209790209791,1.0,ACH,0.5912162162162162,3,"{""ACH"": 175, ""GABA"": 119, ""GLUT"": 2}"
EL,16,0.3372900666170139,1.0403979379394876,0.3194510325741405,-2.2009879437759885,0.993006993006993,1.0,GABA,0.9375,2,"{""GABA"": 15, ""OCT"": 1}"
MeMe_e02,15,0.35335933502142136,1.0596770921881287,0.3187712180001079,-2.2157513516997267,0.995004995004995,1.0,GLUT,0.9333333333333333,2,"{""GLUT"": 14, ""GABA"": 1}"
SA_DMT_DMetaN_12,23,0.5131851787372753,1.0966886838027745,0.2536364297686304,-2.300550853825599,0.986013986013986,1.0,ACH,0.9130434782608695,3,"{""ACH"": 21, ""SER"": 1, ""GLUT"": 1}"
Dm11,107,0.8913309584070233,1.1721009672372065,0.1215065675352402,-2.310739365991491,0.99000999000999,1.0,GLUT,0.6915887850467289,2,"{""GLUT"": 74, ""GABA"": 33}"
ORN_VA2,36,0.6500224216483541,1.1331990170497872,0.20669979800251703,-2.3375765243638473,0.99000999000999,1.0,SER,0.8333333333333334,2,"{""SER"": 30, ""ACH"": 6}"
ORN_VC2,16,0.3372900666170139,1.0582821081909954,0.3069201615501835,-2.34911919090755,0.996003996003996,1.0,ACH,0.9375,2,"{""ACH"": 15, ""SER"": 1}"
AVLP045,10,-0.0,0.9751060087142673,0.4142732976606482,-2.353774704333044,1.0,1.0,ACH,1.0,1,"{""ACH"": 10}"
SA1,10,-0.0,0.9694376635733606,0.4091097556287641,-2.3696273438491438,1.0,1.0,GLUT,1.0,1,"{""GLUT"": 10}"
FB9C,10,-0.0,0.9708015751328019,0.4059384929970964,-2.391499184926387,1.0,1.0,GLUT,1.0,1,"{""GLUT"": 10}"
CB0961,10,-0.0,0.9571281914015688,0.39915899618461315,-2.3978620062439777,1.0,1.0,GLUT,1.0,1,"{""GLUT"": 10}"
SAD047,10,-0.0,0.9686272733630437,0.40378183380784294,-2.398887696923995,1.0,1.0,GLUT,1.0,1,"{""GLUT"": 10}"
vDeltaI_a,16,0.3372900666170139,1.0722838722045702,0.3057375681423722,-2.404002262637522,0.994005994005994,1.0,ACH,0.9375,2,"{""ACH"": 15, ""SER"": 1}"
CB0946,10,-0.0,0.9650120808260779,0.4005627238387103,-2.409140999387271,1.0,1.0,ACH,1.0,1,"{""ACH"": 10}"
CB1542,10,-0.0,0.9552192826357717,0.3955741368254904,-2.414766774950132,1.0,1.0,ACH,1.0,1,"{""ACH"": 10}"
SAD005,10,-0.0,0.9709136348941322,0.4012621364874129,-2.419649268165098,1.0,1.0,ACH,1.0,1,"{""ACH"": 10}"
CB1372,10,-0.0,0.963526039281173,0.39795936550845074,-2.4211668898660768,1.0,1.0,ACH,1.0,1,"{""ACH"": 10}"
LTe68,10,-0.0,0.9657858778002636,0.398357046926147,-2.4244227264274167,1.0,1.0,ACH,1.0,1,"{""ACH"": 10}"
DL3_lPN,10,-0.0,0.960385060328566,0.3957371103596905,-2.42682587805743,1.0,1.0,ACH,1.0,1,"{""ACH"": 10}"
FLA101f_b,10,-0.0,0.9788571768159978,0.4030881904886722,-2.428394579432627,1.0,1.0,ACH,1.0,1,"{""ACH"": 10}"
CB1079,17,0.3227569588973982,1.0653760749955932,0.3054162705891002,-2.4314982128024774,0.998001998001998,1.0,GABA,0.9411764705882353,2,"{""GABA"": 16, ""GLUT"": 1}"
CB2049,10,-0.0,0.9482153923936808,0.388564700499777,-2.4403024545823997,1.0,1.0,ACH,1.0,1,"{""ACH"": 10}"
CB2774,10,-0.0,0.9825334447580518,0.40236295068061606,-2.4419083394632874,1.0,1.0,ACH,1.0,1,"{""ACH"": 10}"
CB1827,10,-0.0,0.974799769202827,0.39832263715316746,-2.447261788006254,1.0,1.0,ACH,1.0,1,"{""ACH"": 10}"
AVLP454_b,10,-0.0,0.9687436044512158,0.39523224712653515,-2.451074302500091,1.0,1.0,ACH,1.0,1,"{""ACH"": 10}"
AVLP454_a,10,-0.0,0.9849548317455994,0.3991741249849449,-2.4674816579926055,1.0,1.0,ACH,1.0,1,"{""ACH"": 10}"
LHAV1d2,10,-0.0,0.982077752923714,0.39533804287997215,-2.4841468475167234,1.0,1.0,ACH,1.0,1,"{""ACH"": 10}"
SAD007,10,-0.0,0.9794410255394799,0.3939883996279963,-2.485964120934189,1.0,1.0,ACH,1.0,1,"{""ACH"": 10}"
SMP408_d,10,-0.0,0.9701134980879975,0.3899012621112721,-2.4881004304395953,1.0,1.0,ACH,1.0,1,"{""ACH"": 10}"
SMP409,10,-0.0,0.9755396743816926,0.3918503562566457,-2.489571998099077,1.0,1.0,ACH,1.0,1,"{""ACH"": 10}"
LPTe02,10,-0.0,0.9670494272334618,0.38778318861559896,-2.493788940892115,1.0,1.0,ACH,1.0,1,"{""ACH"": 10}"
MTe09,10,-0.0,0.9714723550770792,0.38873695720147033,-2.4990481020141213,1.0,1.0,GLUT,1.0,1,"{""GLUT"": 10}"
PVLP111,10,-0.0,0.9647484368070923,0.3858924641096416,-2.5000447703300663,1.0,1.0,GABA,1.0,1,"{""GABA"": 10}"
aSP-g2,10,-0.0,0.98004887666432,0.3917297495965967,-2.501849496173253,1.0,1.0,ACH,1.0,1,"{""ACH"": 10}"
CB1359,10,-0.0,0.977469877561553,0.39068720440554455,-2.501924471902876,1.0,1.0,GLUT,1.0,1,"{""GLUT"": 10}"
CB1789,11,-0.0,0.9938337334804364,0.3967987010400757,-2.50462950326055,1.0,1.0,GLUT,1.0,1,"{""GLUT"": 11}"
PLP191b,10,-0.0,0.9735614889617084,0.3885730246430853,-2.5054788346564987,1.0,1.0,ACH,1.0,1,"{""ACH"": 10}"
SLP289,10,-0.0,0.9897036417552537,0.3948975166578342,-2.5062290847799877,1.0,1.0,GLUT,1.0,1,"{""GLUT"": 10}"
CB2558,10,-0.0,0.9784243529594742,0.38980203797402385,-2.5100544831545384,1.0,1.0,ACH,1.0,1,"{""ACH"": 10}"
CL086_a,10,-0.0,0.9906719596710608,0.3945084084586266,-2.511155499933928,1.0,1.0,ACH,1.0,1,"{""ACH"": 10}"
CB2342,10,-0.0,0.9741480840701904,0.38626812646915276,-2.5219478836496374,1.0,1.0,GLUT,1.0,1,"{""GLUT"": 10}"
CB1457,10,-0.0,0.9923373536222466,0.3933125319576615,-2.523025006813329,1.0,1.0,GLUT,1.0,1,"{""GLUT"": 10}"
LHPV5d1,10,-0.0,0.9975129869362506,0.39515620725548695,-2.5243510505993694,1.0,1.0,ACH,1.0,1,"{""ACH"": 10}"
JO-C,10,-0.0,0.9888198786769833,0.3916438634483143,-2.5247934947089474,1.0,1.0,ACH,1.0,1,"{""ACH"": 10}"
CB2928,10,-0.0,0.983333388452125,0.3891931733712871,-2.5265946469056715,1.0,1.0,ACH,1.0,1,"{""ACH"": 10}"
CB1640,10,-0.0,0.9850760116975646,0.3897604709824076,-2.5273881910462577,1.0,1.0,ACH,1.0,1,"{""ACH"": 10}"
CB2376,10,-0.0,0.9699443787553361,0.3836252513091233,-2.5283642707183525,1.0,1.0,ACH,1.0,1,"{""ACH"": 10}"
CB3029,10,-0.0,0.9593568484625103,0.37933484650149535,-2.529050144774212,1.0,1.0,ACH,1.0,1,"{""ACH"": 10}"
SIP047b,10,-0.0,0.9691921460843778,0.38299465162025353,-2.5305631344569015,1.0,1.0,ACH,1.0,1,"{""ACH"": 10}"
CB1114,10,-0.0,0.9845134394775772,0.3889978671304895,-2.5308967546275047,1.0,1.0,ACH,1.0,1,"{""ACH"": 10}"
CB0997,10,-0.0,0.9807810841048592,0.3872608920882975,-2.5326107131965085,1.0,1.0,ACH,1.0,1,"{""ACH"": 10}"
SIP055,10,-0.0,0.9828450335690269,0.3874813055237021,-2.5364966504400988,1.0,1.0,ACH,1.0,1,"{""ACH"": 10}"
CB2744,10,-0.0,0.9730410197769963,0.3834493271933434,-2.5376000184931033,1.0,1.0,ACH,1.0,1,"{""ACH"": 10}"
ER3a_b,11,-0.0,0.9871699829214662,0.3886094697571064,-2.540262293501184,1.0,1.0,GABA,1.0,1,"{""GABA"": 11}"
SMP282,10,-0.0,0.9838062654208687,0.3864385126865523,-2.5458287233882735,1.0,1.0,GLUT,1.0,1,"{""GLUT"": 10}"
CL328,11,-0.0,0.973385415569091,0.38188485646598525,-2.548897656159851,1.0,1.0,ACH,1.0,1,"{""ACH"": 11}"
LAL096,10,-0.0,0.9788507872139773,0.383978880489198,-2.5492307961492537,1.0,1.0,GLUT,1.0,1,"{""GLUT"": 10}"
WEDPN1A,10,-0.0,0.9893612033940129,0.3880813838305064,-2.549365273924384,1.0,1.0,GABA,1.0,1,"{""GABA"": 10}"
PLP048,11,-0.0,0.9817908371109564,0.38505276554949874,-2.549756617667369,1.0,1.0,GLUT,1.0,1,"{""GLUT"": 11}"
AN_IPS_GNG_6,11,-0.0,0.9920588165484859,0.3887937744621139,-2.5516324635623953,1.0,1.0,ACH,1.0,1,"{""ACH"": 11}"
LB3,84,0.8142271109873961,1.170374108088717,0.13935673835535173,-2.5556496320484072,0.996003996003996,1.0,ACH,0.8333333333333334,3,"{""ACH"": 70, ""SER"": 8, ""GLUT"": 6}"
PAM14,10,-0.0,0.9881589423100616,0.3864978253529598,-2.556699876403313,1.0,1.0,DA,1.0,1,"{""DA"": 10}"
LHAV5a2_a2,10,-0.0,0.980759393976623,0.3832930859122734,-2.5587714206801406,1.0,1.0,ACH,1.0,1,"{""ACH"": 10}"
LHAD1b5,11,-0.0,0.980160359895737,0.38301605072240086,-2.559058185804671,1.0,1.0,ACH,1.0,1,"{""ACH"": 11}"
CB1023,10,-0.0,0.9857699008074342,0.38497841942138716,-2.560584830414706,1.0,1.0,GLUT,1.0,1,"{""GLUT"": 10}"
LHAV2b2a,10,-0.0,0.9821430114714175,0.383098430625753,-2.563683202427076,1.0,1.0,ACH,1.0,1,"{""ACH"": 10}"
CB0738,10,-0.0,0.9853184484216359,0.3841821342653403,-2.564716993687981,1.0,1.0,ACH,1.0,1,"{""ACH"": 10}"
LAL110,10,-0.0,0.9926815579251481,0.38680696002960857,-2.566348748867296,1.0,1.0,ACH,1.0,1,"{""ACH"": 10}"
SLP223,10,-0.0,0.9926993149518681,0.38673117126601,-2.5668975989242093,1.0,1.0,ACH,1.0,1,"{""ACH"": 10}"
BM_Hau,10,-0.0,0.9886744931118966,0.38503447591631074,-2.5677557594265665,1.0,1.0,ACH,1.0,1,"{""ACH"": 10}"
LHPV2a1_c,10,-0.0,1.0094662775845713,0.3929602363866532,-2.568876400489812,1.0,1.0,GABA,1.0,1,"{""GABA"": 10}"
AVLP028,10,-0.0,0.9939440925485645,0.3868438377680206,-2.5693677797308094,1.0,1.0,ACH,1.0,1,"{""ACH"": 10}"
SIP014,10,-0.0,0.9964071997758288,0.3869247034355993,-2.575196649189067,1.0,1.0,GLUT,1.0,1,"{""GLUT"": 10}"
LC31b,10,-0.0,0.9877655751415856,0.3834649766495111,-2.5758951541600843,1.0,1.0,ACH,1.0,1,"{""ACH"": 10}"
CB2050,10,-0.0,0.9914082292444596,0.3839032455809034,-2.5824429479472353,1.0,1.0,ACH,1.0,1,"{""ACH"": 10}"
PLP160,10,-0.0,0.9873162498094799,0.3816215044025212,-2.587160939358629,1.0,1.0,GABA,1.0,1,"{""GABA"": 10}"
CB1220,11,-0.0,0.9862180049384016,0.3806928100016706,-2.5905874212178417,1.0,1.0,GLUT,1.0,1,"{""GLUT"": 11}"
CL313,11,-0.0,0.9829236222843974,0.3785723172978453,-2.59639592588349,1.0,1.0,ACH,1.0,1,"{""ACH"": 11}"
DA2_lPN,11,-0.0,0.9908078256099733,0.38159100308978694,-2.596517783667032,1.0,1.0,ACH,1.0,1,"{""ACH"": 11}"
LHAV4b2,10,-0.0,0.980730448243531,0.3763852923267283,-2.605655609391319,1.0,1.0,GABA,1.0,1,"{""GABA"": 10}"
Li24,10,-0.0,0.9753072074610196,0.3742053895075264,-2.6063419576734965,1.0,1.0,GABA,1.0,1,"{""GABA"": 10}"
SMP173,10,-0.0,0.993940895398846,0.3813395835860826,-2.606445641052829,1.0,1.0,ACH,1.0,1,"{""ACH"": 10}"
CB2242,11,-0.0,0.9805372518784085,0.37597623990233303,-2.607976642707852,1.0,1.0,ACH,1.0,1,"{""ACH"": 11}"
HRN_VP5,11,-0.0,1.002202550423517,0.384220429976666,-2.6084051555623464,1.0,1.0,ACH,1.0,1,"{""ACH"": 11}"
SMP016_b,10,-0.0,0.9873073718286584,0.378396871397782,-2.6091848174684604,1.0,1.0,ACH,1.0,1,"{""ACH"": 10}"
hDeltaJ,28,0.49123734182433315,1.1119195449733312,0.2378398546625965,-2.6096644064532746,0.995004995004995,1.0,ACH,0.8928571428571429,2,"{""ACH"": 25, ""SER"": 3}"
CB1901,10,-0.0,0.9877975418462482,0.377128098897757,-2.6192626450622805,1.0,1.0,ACH,1.0,1,"{""ACH"": 10}"
CB1072,11,-0.0,0.9881991614517266,0.37681562293143717,-2.6225005050587638,1.0,1.0,ACH,1.0,1,"{""ACH"": 11}"
DNge091,11,-0.0,0.9922172494434894,0.3782374310589281,-2.6232656209239784,1.0,1.0,ACH,1.0,1,"{""ACH"": 11}"
JO-EDP,11,-0.0,0.9950185363106757,0.3791640918733403,-2.6242425314975804,1.0,1.0,ACH,1.0,1,"{""ACH"": 11}"
LHPV4a10,10,-0.0,0.9962782505564975,0.3794172715231443,-2.6258115413592207,1.0,1.0,GLUT,1.0,1,"{""GLUT"": 10}"
LCe06,11,-0.0,1.0058720299685113,0.3826651917158958,-2.6285955758299187,1.0,1.0,ACH,1.0,1,"{""ACH"": 11}"
PS209,10,-0.0,0.9903313749869365,0.3754126642589521,-2.6379807323277347,1.0,1.0,ACH,1.0,1,"{""ACH"": 10}"
WED031,11,-0.0,0.9851674279114182,0.3718997242624094,-2.649013601355327,1.0,1.0,GABA,1.0,1,"{""GABA"": 11}"
DL2d_adPN,10,-0.0,0.9989336615930093,0.37698331659649353,-2.6498086722023944,1.0,1.0,ACH,1.0,1,"{""ACH"": 10}"
CB1206,11,-0.0,0.9903568934886525,0.3733968100573241,-2.6522907181146307,1.0,1.0,ACH,1.0,1,"{""ACH"": 11}"
CB1482,11,-0.0,0.996926498789668,0.3754284653908516,-2.655436629590104,1.0,1.0,GLUT,1.0,1,"{""GLUT"": 11}"
CB2353,11,-0.0,0.9923289758609521,0.3730815644943065,-2.6598177725720773,1.0,1.0,ACH,1.0,1,"{""ACH"": 11}"
ENS1,10,-0.0,0.9935543832853759,0.3730317112039207,-2.6634582354373664,1.0,1.0,ACH,1.0,1,"{""ACH"": 10}"
WED034,11,-0.0,1.0098702835409825,0.3785885900412231,-2.667460959219668,1.0,1.0,GLUT,1.0,1,"{""GLUT"": 11}"
PLP041,10,-0.0,1.0019321001479173,0.37532544364405557,-2.6695022069916257,1.0,1.0,GLUT,1.0,1,"{""GLUT"": 10}"
CB0986,11,-0.0,1.0141838531439813,0.37942094548437355,-2.672978034592322,1.0,1.0,GABA,1.0,1,"{""GABA"": 11}"
CB2685,11,-0.0,0.9814257928582055,0.3671262242548003,-2.673265291386694,1.0,1.0,ACH,1.0,1,"{""ACH"": 11}"
CB1920,10,-0.0,0.9807678101391443,0.3667867808472249,-2.6739453583188335,1.0,1.0,ACH,1.0,1,"{""ACH"": 10}"
LPi06,24,0.41381685030363374,1.1082384426215879,0.25935555376246455,-2.6774888073303136,0.998001998001998,1.0,GLUT,0.9166666666666666,2,"{""GLUT"": 22, ""GABA"": 2}"
SLP285,11,-0.0,0.9986732176899389,0.37193477504547456,-2.68507621415028,1.0,1.0,GLUT,1.0,1,"{""GLUT"": 11}"
M_lPNm11D,11,-0.0,1.0011926736746009,0.37285151418727563,-2.685231615210023,1.0,1.0,ACH,1.0,1,"{""ACH"": 11}"
CB1585,11,-0.0,0.9961847781737742,0.3708314020004029,-2.6863549656258394,1.0,1.0,ACH,1.0,1,"{""ACH"": 11}"
ORN_DA4m,23,0.4262286569981449,1.0939750575443812,0.24854057576908503,-2.6866695648384935,0.995004995004995,1.0,SER,0.9130434782608695,2,"{""SER"": 21, ""ACH"": 2}"
AOTU007,11,-0.0,1.0081111594778842,0.37519737341031717,-2.686882240978298,1.0,1.0,ACH,1.0,1,"{""ACH"": 11}"
dorsal_tpGRN,11,-0.0,0.9969802415847929,0.37064943426222063,-2.689819946897495,1.0,1.0,ACH,1.0,1,"{""ACH"": 11}"
SIP015,11,-0.0,1.00016779486086,0.37178204479559324,-2.6901992951562654,1.0,1.0,GLUT,1.0,1,"{""GLUT"": 11}"
TuBu02,11,-0.0,0.9905896911403438,0.3680370646802611,-2.691548722140083,1.0,1.0,ACH,1.0,1,"{""ACH"": 11}"
SLP114,10,-0.0,1.0018481558201315,0.37183605397274394,-2.6943276347633796,1.0,1.0,ACH,1.0,1,"{""ACH"": 10}"
CB1125,11,-0.0,1.0114801052621962,0.3747366262074977,-2.6991759932804738,1.0,1.0,ACH,1.0,1,"{""ACH"": 11}"
PVLP007,11,-0.0,1.0176058762058178,0.376498625365498,-2.702814320285883,1.0,1.0,GLUT,1.0,1,"{""GLUT"": 11}"
CB1712,12,-0.0,1.0149820364551272,0.37529268444721486,-2.704507917467507,1.0,1.0,ACH,1.0,1,"{""ACH"": 12}"
PS096,11,-0.0,0.9972724005201593,0.3682357810370763,-2.7082441519167513,1.0,1.0,GABA,1.0,1,"{""GABA"": 11}"
LHPV4g1,11,-0.0,1.0100523130145649,0.37257838130586873,-2.7109793903617856,1.0,1.0,GLUT,1.0,1,"{""GLUT"": 11}"
PDt,11,-0.0,1.002638135318556,0.3697414848315287,-2.7117274540491563,1.0,1.0,DA,1.0,1,"{""DA"": 11}"
FB4Z,12,-0.0,0.9965643272920961,0.36742128746478464,-2.7123206011508287,1.0,1.0,GLUT,1.0,1,"{""GLUT"": 12}"
aSP-f4,11,-0.0,1.0085223152815206,0.37108100623462925,-2.7177955711477355,1.0,1.0,ACH,1.0,1,"{""ACH"": 11}"
SAD045,11,-0.0,0.993459138116716,0.3651816510395712,-2.720451959425159,1.0,1.0,ACH,1.0,1,"{""ACH"": 11}"
CB1456,11,-0.0,1.014955584923971,0.37255528895101525,-2.724308619484988,1.0,1.0,GLUT,1.0,1,"{""GLUT"": 11}"
CB2881,12,-0.0,1.0298038789209127,0.3761651603695346,-2.7376375789540446,1.0,1.0,GLUT,1.0,1,"{""GLUT"": 12}"
LC43,12,-0.0,1.0244029970380137,0.3741411600956994,-2.7380120294061943,1.0,1.0,ACH,1.0,1,"{""ACH"": 12}"
Sm04,103,0.8299524341722848,1.1715493831491564,0.1247270409867819,-2.738756137196205,0.998001998001998,1.0,GABA,0.7378640776699029,2,"{""GABA"": 76, ""GLUT"": 27}"
SA_VTV_2,12,-0.0,1.0063269189821233,0.3668815783570267,-2.7429202727721247,1.0,1.0,ACH,1.0,1,"{""ACH"": 12}"
hDeltaA,12,-0.0,1.0044507697170892,0.3661303932291918,-2.743423622546187,1.0,1.0,ACH,1.0,1,"{""ACH"": 12}"
CB2054,11,-0.0,1.0197671190534006,0.3707305168462879,-2.7506964566292122,1.0,1.0,GABA,1.0,1,"{""GABA"": 11}"
CB1055,12,-0.0,0.996146380412776,0.36167049555516345,-2.7542926300462898,1.0,1.0,GABA,1.0,1,"{""GABA"": 12}"
AOTU032,12,-0.0,0.9905409621013055,0.35814163209018524,-2.7657799969255543,1.0,1.0,ACH,1.0,1,"{""ACH"": 12}"
CB2071,11,-0.0,1.013754647796478,0.36648429139031463,-2.7661612560545055,1.0,1.0,ACH,1.0,1,"{""ACH"": 11}"
ORN_VA5,12,-0.0,0.9987133729058579,0.3600402883439742,-2.7738933814865465,1.0,1.0,ACH,1.0,1,"{""ACH"": 12}"
LHPV4a1,11,-0.0,0.9940753551078664,0.3583654523958351,-2.773915142941439,1.0,1.0,GLUT,1.0,1,"{""GLUT"": 11}"
CB1141,11,-0.0,1.0139690124417613,0.3650611881893197,-2.777531672076627,1.0,1.0,GABA,1.0,1,"{""GABA"": 11}"
Sm34,11,-0.0,0.998122947023499,0.35851236107362866,-2.784068432213727,1.0,1.0,GLUT,1.0,1,"{""GLUT"": 11}"
ER4m,11,-0.0,0.9981165676696666,0.35838502303900693,-2.785039841246465,1.0,1.0,GABA,1.0,1,"{""GABA"": 11}"
SMP281,12,-0.0,1.0118711341741045,0.3633209659883925,-2.7850612238172685,1.0,1.0,GLUT,1.0,1,"{""GLUT"": 12}"
LHAV5a2_a3,11,-0.0,1.0033813222580636,0.3598459733883844,-2.788363345600388,1.0,1.0,ACH,1.0,1,"{""ACH"": 11}"
SIP078,12,-0.0,1.025173366560856,0.36738592368643,-2.7904535815472844,1.0,1.0,ACH,1.0,1,"{""ACH"": 12}"
SA_VTV_6,12,-0.0,1.0032259504276588,0.3591319721456472,-2.7934743443582826,1.0,1.0,SER,1.0,1,"{""SER"": 12}"
LHAD1d1,12,-0.0,1.0204456356798344,0.3643738625341508,-2.800545649961908,1.0,1.0,ACH,1.0,1,"{""ACH"": 12}"
CB1761,12,-0.0,1.025302346075253,0.36561589115148896,-2.804315597022095,1.0,1.0,GABA,1.0,1,"{""GABA"": 12}"
CL122_a,12,-0.0,0.9965027384349864,0.3552758121933181,-2.804870763036224,1.0,1.0,GABA,1.0,1,"{""GABA"": 12}"
CB1479,19,0.2974722489192896,1.0806123353222015,0.27879116241072893,-2.8090563546958895,0.999000999000999,1.0,GLUT,0.9473684210526315,2,"{""GLUT"": 18, ""ACH"": 1}"
CB1423,11,-0.0,1.0241371122830216,0.3643435946003368,-2.8109101613449226,1.0,1.0,ACH,1.0,1,"{""ACH"": 11}"
SMP406,11,-0.0,1.0142568283064037,0.36019024501899644,-2.815891996888788,1.0,1.0,ACH,1.0,1,"{""ACH"": 11}"
CB1932,13,-0.0,1.0228242177952176,0.36258628722747827,-2.8209125767448597,1.0,1.0,ACH,1.0,1,"{""ACH"": 13}"
MTe08,12,-0.0,1.0060656812746513,0.35619940687595236,-2.8244451334109524,1.0,1.0,GLUT,1.0,1,"{""GLUT"": 12}"
SLP275,12,-0.0,1.017144750780705,0.3600452362877561,-2.825047100380966,1.0,1.0,ACH,1.0,1,"{""ACH"": 12}"
CB1357,12,-0.0,1.0023637171325297,0.354675897088332,-2.826139936097465,1.0,1.0,ACH,1.0,1,"{""ACH"": 12}"
CB1042,12,-0.0,1.0162326701386803,0.35763575701658606,-2.8415298252505288,1.0,1.0,GABA,1.0,1,"{""GABA"": 12}"
AN_AVLP_GNG_23,12,-0.0,1.003752391274628,0.352810958539484,-2.8450147791038507,1.0,1.0,GABA,1.0,1,"{""GABA"": 12}"
hDeltaL,12,-0.0,1.0193806661668525,0.35819340411285155,-2.8458945766787176,1.0,1.0,ACH,1.0,1,"{""ACH"": 12}"
LC41,12,-0.0,1.011270287830077,0.3551910577263103,-2.847116406318155,1.0,1.0,ACH,1.0,1,"{""ACH"": 12}"
LCe07,12,-0.0,1.0141535187315822,0.35615200801561564,-2.847529975703847,1.0,1.0,ACH,1.0,1,"{""ACH"": 12}"
LAL028,12,-0.0,1.0211928088882853,0.35760083126418263,-2.8556779504068457,1.0,1.0,ACH,1.0,1,"{""ACH"": 12}"
LTe58,12,-0.0,1.0206361416675027,0.3560613917321538,-2.8664611366662114,1.0,1.0,ACH,1.0,1,"{""ACH"": 12}"
JO-EVP,12,-0.0,1.0106324992469766,0.35252033030950247,-2.866877204953459,1.0,1.0,ACH,1.0,1,"{""ACH"": 12}"
LAL094,12,-0.0,1.0099680307669556,0.3511966844662181,-2.8757903347009113,1.0,1.0,GLUT,1.0,1,"{""GLUT"": 12}"
PFL2,12,-0.0,1.0263223416254725,0.3540922169585359,-2.898460605660967,1.0,1.0,ACH,1.0,1,"{""ACH"": 12}"
JO-FDA,13,-0.0,1.0246875182629556,0.35297699191451576,-2.9029867150976094,1.0,1.0,ACH,1.0,1,"{""ACH"": 13}"
TmY16,88,0.7927652363756528,1.1696475407339073,0.12977694811751034,-2.904077417639652,0.997002997002997,1.0,GABA,0.7613636363636364,2,"{""GABA"": 67, ""GLUT"": 21}"
APDN3,12,-0.0,1.0321077010178998,0.35511384057436146,-2.906413614711744,1.0,1.0,GLUT,1.0,1,"{""GLUT"": 12}"
cM19,13,-0.0,1.0089443873652162,0.3469676655105305,-2.9078916788417413,1.0,1.0,GABA,1.0,1,"{""GABA"": 13}"
BM_Fr,12,-0.0,1.0227027872777839,0.35147529612700845,-2.9097430133701967,1.0,1.0,ACH,1.0,1,"{""ACH"": 12}"
DNge019,12,-0.0,1.024692508147513,0.3512087159681022,-2.917616965521375,1.0,1.0,ACH,1.0,1,"{""ACH"": 12}"
AVLP190,12,-0.0,1.015584909156105,0.3479978130551797,-2.9183657800604355,1.0,1.0,ACH,1.0,1,"{""ACH"": 12}"
FB7G,12,-0.0,1.0259563228693265,0.351525572013452,-2.9185823295668105,1.0,1.0,GLUT,1.0,1,"{""GLUT"": 12}"
BM_FrOr,13,-0.0,1.0247213940610684,0.3499489553101087,-2.9282024664225883,1.0,1.0,ACH,1.0,1,"{""ACH"": 13}"
HRN_VP1l,13,-0.0,1.034246533675296,0.35205822962572786,-2.937714408138678,1.0,1.0,ACH,1.0,1,"{""ACH"": 13}"
LHAD1a2,13,-0.0,1.01738560603401,0.3458912618691857,-2.9413452092894445,1.0,1.0,ACH,1.0,1,"{""ACH"": 13}"
WED103,13,-0.0,1.0146723677645966,0.3444332415354173,-2.945918817943883,1.0,1.0,GLUT,1.0,1,"{""GLUT"": 13}"
CB1138,12,-0.0,1.0331509167925639,0.35066633981598594,-2.9462506077278916,1.0,1.0,ACH,1.0,1,"{""ACH"": 12}"
CB1094,12,-0.0,1.0267368374049906,0.3469670009003607,-2.95917719766048,1.0,1.0,GLUT,1.0,1,"{""GLUT"": 12}"
CB4242,12,-0.0,1.0351652187253526,0.34956657959089116,-2.9612819965136232,1.0,1.0,ACH,1.0,1,"{""ACH"": 12}"
SMP261,13,-0.0,1.03359490007773,0.348669983263034,-2.964393121555273,1.0,1.0,ACH,1.0,1,"{""ACH"": 13}"
aSP-f1A,13,-0.0,1.0200762861021127,0.3437574982553049,-2.967429921614432,1.0,1.0,ACH,1.0,1,"{""ACH"": 13}"
AVLP149,12,-0.0,1.019876938480181,0.34351979635532853,-2.968902954941336,1.0,1.0,ACH,1.0,1,"{""ACH"": 12}"
CB1648,14,-0.0,1.0226928988599802,0.34444463547387416,-2.9691067693738273,1.0,1.0,GLUT,1.0,1,"{""GLUT"": 14}"
SLP141,13,-0.0,1.02632035245398,0.34538408494227646,-2.9715334237983413,1.0,1.0,GLUT,1.0,1,"{""GLUT"": 13}"
AOTU059,13,-0.0,1.0229395373218466,0.3434201253056293,-2.9786825580226957,1.0,1.0,GABA,1.0,1,"{""GABA"": 13}"
TRN_VP1m,13,-0.0,1.0203832546956932,0.3414571074946159,-2.988320442888373,1.0,1.0,ACH,1.0,1,"{""ACH"": 13}"
LHAV1a3,13,-0.0,1.0298298510571169,0.3442900590767042,-2.991169288532033,1.0,1.0,ACH,1.0,1,"{""ACH"": 13}"
CB1759,12,-0.0,1.0312203781268006,0.344396156004536,-2.9942853895071306,1.0,1.0,ACH,1.0,1,"{""ACH"": 12}"
M_vPNml53,13,-0.0,1.0390080367845669,0.34662493566361713,-2.997499400311103,1.0,1.0,GABA,1.0,1,"{""GABA"": 13}"
CB1046,13,-0.0,1.0261190874010533,0.34225382303650936,-2.9981230839066293,1.0,1.0,ACH,1.0,1,"{""ACH"": 13}"
PLP042c,13,-0.0,1.0300609020295814,0.34154238824123884,-3.0159094082987643,1.0,1.0,GLUT,1.0,1,"{""GLUT"": 13}"
PAM02,13,-0.0,1.0218188173506246,0.338195807839479,-3.0213822692788077,1.0,1.0,DA,1.0,1,"{""DA"": 13}"
SMP105_b,13,-0.0,1.0442884417297598,0.3453748524690744,-3.0236377497208418,1.0,1.0,GLUT,1.0,1,"{""GLUT"": 13}"
TPMN2,12,-0.0,1.0149177660691304,0.33549751282032586,-3.025112638056023,1.0,1.0,ACH,1.0,1,"{""ACH"": 12}"
ORN_VA7l,13,-0.0,1.0388114660869157,0.3405041810689539,-3.0508038486509825,1.0,1.0,ACH,1.0,1,"{""ACH"": 13}"
Dm1,45,0.5665095065529053,1.1527524544050267,0.19214829545943882,-3.0509921852305646,0.998001998001998,1.0,GABA,0.8666666666666667,2,"{""GABA"": 39, ""GLUT"": 6}"
ORN_DL2d,14,-0.0,1.0288341157431136,0.3370400540740233,-3.052557413597949,1.0,1.0,ACH,1.0,1,"{""ACH"": 14}"
CB1997,13,-0.0,1.021936048185912,0.3343426642099625,-3.0565529248284946,1.0,1.0,GLUT,1.0,1,"{""GLUT"": 13}"
FB3B,14,-0.0,1.0284355827005136,0.33571465868440226,-3.063421736574579,1.0,1.0,GLUT,1.0,1,"{""GLUT"": 14}"
aMe4,14,-0.0,1.0451662134686672,0.3407641004357789,-3.0671253577829316,1.0,1.0,ACH,1.0,1,"{""ACH"": 14}"
CB1207,14,-0.0,1.0260672229184276,0.3340575999691261,-3.071527853320079,1.0,1.0,ACH,1.0,1,"{""ACH"": 14}"
CB0955,14,-0.0,1.0316575716797163,0.3355920363535125,-3.0741419936227827,1.0,1.0,ACH,1.0,1,"{""ACH"": 14}"
CB2317,13,-0.0,1.043514451637348,0.3383772710232816,-3.083878679208186,1.0,1.0,GLUT,1.0,1,"{""GLUT"": 13}"
JO-EVM,14,-0.0,1.0412922996772442,0.3372190198617704,-3.0878812829243167,1.0,1.0,ACH,1.0,1,"{""ACH"": 14}"
AVLP069,13,-0.0,1.0403340809575647,0.3364891541072902,-3.0917313924057486,1.0,1.0,GLUT,1.0,1,"{""GLUT"": 13}"
WED033,14,-0.0,1.0395972662690487,0.3360141169648613,-3.09390949302813,1.0,1.0,GABA,1.0,1,"{""GABA"": 14}"
CB1154,14,-0.0,1.0193601810752095,0.3294375515822219,-3.0942440416383286,1.0,1.0,GLUT,1.0,1,"{""GLUT"": 14}"
LC46,14,-0.0,1.0503017313076424,0.33741572936769954,-3.112782362801687,1.0,1.0,ACH,1.0,1,"{""ACH"": 14}"
SMP381,14,-0.0,1.0461805516374802,0.3355441837369656,-3.117862273713513,1.0,1.0,ACH,1.0,1,"{""ACH"": 14}"
LHPV5b2,13,-0.0,1.032349239182284,0.3305121158427702,-3.123483798921879,1.0,1.0,ACH,1.0,1,"{""ACH"": 13}"
CL090_c,14,-0.0,1.0292234535951754,0.32852531105960586,-3.132858927294155,1.0,1.0,ACH,1.0,1,"{""ACH"": 14}"
PFL1,14,-0.0,1.036407381075042,0.33054542502142353,-3.1354461523945454,1.0,1.0,ACH,1.0,1,"{""ACH"": 14}"
CB4148,14,-0.0,1.051777203591478,0.3352957702769568,-3.136863917855875,1.0,1.0,SER,1.0,1,"{""SER"": 14}"
MTe53,15,-0.0,1.021871242780085,0.3252790313108668,-3.1415220300612923,1.0,1.0,ACH,1.0,1,"{""ACH"": 15}"
CRE043,14,-0.0,1.0452718591519672,0.33021358971424714,-3.1654416768749623,1.0,1.0,GABA,1.0,1,"{""GABA"": 14}"
CB4233,15,-0.0,1.0519708029870374,0.3308948735852352,-3.1791692376160676,1.0,1.0,ACH,1.0,1,"{""ACH"": 15}"
FB8A,14,-0.0,1.048297187602424,0.32934172222426833,-3.183007547669822,1.0,1.0,GLUT,1.0,1,"{""GLUT"": 14}"
DmDRA1,37,0.4804334574529622,1.1316802415329077,0.2034624370470683,-3.200820719203753,0.999000999000999,1.0,GLUT,0.918918918918919,3,"{""GLUT"": 34, ""GABA"": 2, ""ACH"": 1}"
DNg12_b,14,-0.0,1.0320871700283996,0.3224305400242355,-3.2009597166286503,1.0,1.0,ACH,1.0,1,"{""ACH"": 14}"
Sm27,14,-0.0,1.0506797627728846,0.32751863488698574,-3.2079999452105503,1.0,1.0,GABA,1.0,1,"{""GABA"": 14}"
LTe09,15,-0.0,1.05440056546774,0.3280932284921851,-3.2137224236947484,1.0,1.0,ACH,1.0,1,"{""ACH"": 15}"
PVLP097,14,-0.0,1.0417980662474955,0.3239573693185978,-3.2158492595454216,1.0,1.0,GABA,1.0,1,"{""GABA"": 14}"
Dm14,15,-0.0,1.0435657089368726,0.32356101488686656,-3.225251686460918,1.0,1.0,GLUT,1.0,1,"{""GLUT"": 15}"
CB1109,14,-0.0,1.0596495060018134,0.32534122012902433,-3.257040425377319,1.0,1.0,ACH,1.0,1,"{""ACH"": 14}"
CB2108,14,-0.0,1.0424643894424694,0.3196059844462877,-3.2617173650503526,1.0,1.0,ACH,1.0,1,"{""ACH"": 14}"
ER3m,15,-0.0,1.0563575285443816,0.3222686310768434,-3.277878846025502,1.0,1.0,GABA,1.0,1,"{""GABA"": 15}"
LHPV5a1,15,-0.0,1.0582086063462477,0.32279338120948337,-3.2782847107373048,1.0,1.0,ACH,1.0,1,"{""ACH"": 15}"
LC34,14,-0.0,1.0609706694884984,0.3228226621406558,-3.286543337611865,1.0,1.0,ACH,1.0,1,"{""ACH"": 14}"
LPi01,30,0.35335933502142136,1.1059244525048972,0.2289771836804535,-3.2866380195055136,0.998001998001998,1.0,GLUT,0.9333333333333333,2,"{""GLUT"": 28, ""GABA"": 2}"
LPi04,72,0.6500224216483541,1.1622292520705297,0.15534957139960875,-3.297124194212393,0.997002997002997,1.0,GLUT,0.8333333333333334,2,"{""GLUT"": 60, ""GABA"": 12}"
LC19,15,-0.0,1.0637218040905407,0.32164012595653246,-3.3071800383335743,1.0,1.0,ACH,1.0,1,"{""ACH"": 15}"
AVLP232,15,-0.0,1.0480380808758087,0.3154832525770533,-3.3220086084279137,1.0,1.0,ACH,1.0,1,"{""ACH"": 15}"
DA1_lPN,15,-0.0,1.054114265406721,0.3141160873261571,-3.3558111409690374,1.0,1.0,ACH,1.0,1,"{""ACH"": 15}"
TuBu07,17,-0.0,1.05533937462558,0.3144416325622999,-3.356232970888443,1.0,1.0,ACH,1.0,1,"{""ACH"": 17}"
LCe09,15,-0.0,1.0547040865651844,0.31418490604764615,-3.3569533935702136,1.0,1.0,ACH,1.0,1,"{""ACH"": 15}"
HRN_VP1d,16,-0.0,1.0537833999131774,0.31389057024642647,-3.3571680700247932,1.0,1.0,ACH,1.0,1,"{""ACH"": 16}"
vDeltaE,16,-0.0,1.044245281947242,0.31049936764328934,-3.3631156477809685,1.0,1.0,ACH,1.0,1,"{""ACH"": 16}"
Tm40,23,0.2580186686648155,1.0919055527221424,0.24730275080851666,-3.371927248407337,1.0,1.0,ACH,0.9565217391304348,2,"{""ACH"": 22, ""GABA"": 1}"
DNg07,16,-0.0,1.0609811099683326,0.3145522239571391,-3.372988741331875,1.0,1.0,ACH,1.0,1,"{""ACH"": 16}"
MTe07,15,-0.0,1.0349600983466236,0.3067388354935741,-3.3740758540771894,1.0,1.0,ACH,1.0,1,"{""ACH"": 15}"
CB1786,15,-0.0,1.0475937301426468,0.31033040653220867,-3.3757366603195513,1.0,1.0,GLUT,1.0,1,"{""GLUT"": 15}"
CB0959,15,-0.0,1.0566041749827435,0.312585720066571,-3.38020615515552,1.0,1.0,GLUT,1.0,1,"{""GLUT"": 15}"
ORN_VM6m,24,0.24988229283318544,1.1001226699032096,0.25080555588457654,-3.390038047886444,1.0,1.0,ACH,0.9583333333333334,2,"{""ACH"": 23, ""GABA"": 1}"
PLP188,16,-0.0,1.0572478927754418,0.3116509060098558,-3.3924107788154703,1.0,1.0,ACH,1.0,1,"{""ACH"": 16}"
FR2,17,-0.0,1.053396814491882,0.3098855328509605,-3.399309431455496,1.0,1.0,ACH,1.0,1,"{""ACH"": 17}"
CB1178,16,-0.0,1.075691939556672,0.31617538337747936,-3.4022001588669273,1.0,1.0,GLUT,1.0,1,"{""GLUT"": 16}"
CB1617,16,-0.0,1.0455338267257686,0.3062803478609537,-3.413649729823423,1.0,1.0,GLUT,1.0,1,"{""GLUT"": 16}"
ORN_VM6l,17,-0.0,1.0699730583570537,0.31160473086542567,-3.4337510068778396,1.0,1.0,ACH,1.0,1,"{""ACH"": 17}"
AN_AVLP_51,17,-0.0,1.0645416154242602,0.31001771316123117,-3.433809005844202,1.0,1.0,ACH,1.0,1,"{""ACH"": 17}"
LHAD1b2_a,15,-0.0,1.0523736591000934,0.3059108796293766,-3.440131519268248,1.0,1.0,ACH,1.0,1,"{""ACH"": 15}"
Li22,17,-0.0,1.069256004994261,0.31063169195726253,-3.442198696008686,1.0,1.0,GABA,1.0,1,"{""GABA"": 17}"
PLP182,16,-0.0,1.0629446029020178,0.30738177342042516,-3.4580599593592765,1.0,1.0,GLUT,1.0,1,"{""GLUT"": 16}"
PAM11,16,-0.0,1.063954085793683,0.307049780988482,-3.4650866135403424,1.0,1.0,DA,1.0,1,"{""DA"": 16}"
ORN_VA1d,66,0.6136190195993708,1.1610401740488514,0.157856446022118,-3.4678416260098675,1.0,1.0,ACH,0.8484848484848485,2,"{""ACH"": 56, ""SER"": 10}"
PAM10,15,-0.0,1.0594416674788165,0.30513290893082773,-3.472066225799942,1.0,1.0,DA,1.0,1,"{""DA"": 15}"
CB2081,17,-0.0,1.0408808709800936,0.29897640310928114,-3.481481682685283,1.0,1.0,ACH,1.0,1,"{""ACH"": 17}"
JO-mz,17,-0.0,1.066069386442061,0.3057675016313195,-3.486535948897142,1.0,1.0,ACH,1.0,1,"{""ACH"": 17}"
SMP106,17,-0.0,1.0670622555370934,0.30603300896397845,-3.486755429257279,1.0,1.0,GLUT,1.0,1,"{""GLUT"": 17}"
cL01,17,-0.0,1.053281271125629,0.2995141290082969,-3.516633003635204,1.0,1.0,ACH,1.0,1,"{""ACH"": 17}"
ocellar_retinula_cell,125,0.7665188914976587,1.1806620629830684,0.11701985359820542,-3.539084683077751,0.999000999000999,1.0,SER,0.848,3,"{""SER"": 106, ""ACH"": 10, ""GLUT"": 9}"
CB0979,16,-0.0,1.0792155071358316,0.30489552936450354,-3.539623914411766,1.0,1.0,GABA,1.0,1,"{""GABA"": 16}"
CB1556,18,-0.0,1.074044142071855,0.3032187026808513,-3.542143451495224,1.0,1.0,GLUT,1.0,1,"{""GLUT"": 18}"
ER3p_a,17,-0.0,1.0578429463677386,0.2983047513126541,-3.546182022622262,1.0,1.0,GABA,1.0,1,"{""GABA"": 17}"
LTe64,16,-0.0,1.0690928726611815,0.30127376104720865,-3.548576115440926,1.0,1.0,ACH,1.0,1,"{""ACH"": 16}"
ORN_DA4l,32,0.3372900666170139,1.1213396208215956,0.22067490733468628,-3.552961973222692,0.999000999000999,1.0,SER,0.9375,2,"{""SER"": 30, ""ACH"": 2}"
LPi07,64,0.5858732928619205,1.150608057495842,0.15880265893291995,-3.5562047161469246,1.0,1.0,GABA,0.859375,2,"{""GABA"": 55, ""GLUT"": 9}"
LCe05,18,-0.0,1.0665716864690782,0.2986823298154317,-3.5709232853786745,1.0,1.0,GLUT,1.0,1,"{""GLUT"": 18}"
FC2B,26,0.23519338181924143,1.1114429900512568,0.2449825146892651,-3.5767842833332293,1.0,1.0,ACH,0.9615384615384616,2,"{""ACH"": 25, ""SER"": 1}"
ORN_VM2,32,0.3372900666170139,1.125173921743977,0.22014584345402968,-3.5789176973104513,1.0,1.0,ACH,0.9375,2,"{""ACH"": 30, ""SER"": 2}"
LC37,18,-0.0,1.0599945977359957,0.2961689803116892,-3.5790196414913336,1.0,1.0,GLUT,1.0,1,"{""GLUT"": 18}"
hDeltaI,17,-0.0,1.0697136667693516,0.29796812611407,-3.590027164045853,1.0,1.0,ACH,1.0,1,"{""ACH"": 17}"
CB1231,18,-0.0,1.0630154034175148,0.29412753878665354,-3.6141308216248897,1.0,1.0,GABA,1.0,1,"{""GABA"": 18}"
FB9B,18,-0.0,1.0725805869092309,0.29534713889139513,-3.631592948336092,1.0,1.0,GLUT,1.0,1,"{""GLUT"": 18}"
PS087,18,-0.0,1.0798225243175679,0.2968384351216305,-3.6377449701724345,1.0,1.0,GLUT,1.0,1,"{""GLUT"": 18}"
CB0958,18,-0.0,1.0695936855820556,0.2928528961556434,-3.652324083602695,1.0,1.0,GLUT,1.0,1,"{""GLUT"": 18}"
PS005,19,-0.0,1.0834092277353413,0.29512297253924075,-3.6710433566512237,1.0,1.0,GLUT,1.0,1,"{""GLUT"": 19}"
MTe06,18,-0.0,1.0657929865776774,0.2901677333681386,-3.6730237859545034,1.0,1.0,ACH,1.0,1,"{""ACH"": 18}"
Li21,18,-0.0,1.0843466754319435,0.2948072545125816,-3.6781546547243003,1.0,1.0,GABA,1.0,1,"{""GABA"": 18}"
ORN_DL2v,18,-0.0,1.0753638984813951,0.290826708146826,-3.6976105301115942,1.0,1.0,ACH,1.0,1,"{""ACH"": 18}"
SIP076,19,-0.0,1.0893617083753073,0.2946121466256583,-3.6976130171560033,1.0,1.0,ACH,1.0,1,"{""ACH"": 19}"
PAM07,18,-0.0,1.0719643126901706,0.2898034319268481,-3.6989358806515265,1.0,1.0,DA,1.0,1,"{""DA"": 18}"
LB1e,18,-0.0,1.0764384592291183,0.288316420134183,-3.7335315787014203,1.0,1.0,ACH,1.0,1,"{""ACH"": 18}"
vDeltaG,19,-0.0,1.0842174698592264,0.2884882901216789,-3.75827202345691,1.0,1.0,ACH,1.0,1,"{""ACH"": 19}"
ORN_DM2,35,0.31599713297842463,1.1223975237483914,0.21371124702555921,-3.773317511331183,0.999000999000999,1.0,SER,0.9428571428571428,2,"{""SER"": 33, ""ACH"": 2}"
Sm14,35,0.31599713297842463,1.1281054963015538,0.2152161909151196,-3.7734538459674787,1.0,1.0,GLUT,0.9428571428571428,2,"{""GLUT"": 33, ""GABA"": 2}"
hDeltaC,20,-0.0,1.0855081398979354,0.28673450182709853,-3.785760461266356,1.0,1.0,ACH,1.0,1,"{""ACH"": 20}"
LHPV5b1,19,-0.0,1.0656587688234518,0.28131611346891877,-3.7881184823818885,1.0,1.0,ACH,1.0,1,"{""ACH"": 19}"
vDeltaF,19,-0.0,1.075761448418745,0.2829092088546095,-3.8024971077261465,1.0,1.0,ACH,1.0,1,"{""ACH"": 19}"
PEN_a/PEN1,20,-0.0,1.0714071601633894,0.2817222729087264,-3.803061607807305,1.0,1.0,ACH,1.0,1,"{""ACH"": 20}"
CB1225,19,-0.0,1.072351616520156,0.27972075965029475,-3.8336504514745484,1.0,1.0,ACH,1.0,1,"{""ACH"": 19}"
hDeltaB,18,-0.0,1.0730685749769633,0.2795501375275687,-3.8385549886239616,1.0,1.0,ACH,1.0,1,"{""ACH"": 18}"
ER5,21,-0.0,1.0818900944034338,0.2806010495714512,-3.8556167058382482,1.0,1.0,GABA,1.0,1,"{""GABA"": 21}"
CB1876,19,-0.0,1.0744224826657278,0.27801642823443873,-3.864600698199445,1.0,1.0,ACH,1.0,1,"{""ACH"": 19}"
PEG,20,-0.0,1.083417481046004,0.27952817410540876,-3.87587936176141,1.0,1.0,ACH,1.0,1,"{""ACH"": 20}"
FB5V,19,-0.0,1.0851469999621728,0.2794304405914998,-3.8834244317302296,1.0,1.0,GLUT,1.0,1,"{""GLUT"": 19}"
ORN_DA2,30,0.21084230031853213,1.1164717735424134,0.23258123593979013,-3.8938200219140966,1.0,1.0,ACH,0.9666666666666667,2,"{""ACH"": 29, ""SER"": 1}"
vDeltaD,22,-0.0,1.0827547114308695,0.27491134543714374,-3.938559573484146,1.0,1.0,ACH,1.0,1,"{""ACH"": 22}"
PEN_b/PEN2,20,-0.0,1.089492480346161,0.2761165599142646,-3.9457701511436083,1.0,1.0,ACH,1.0,1,"{""ACH"": 20}"
PFNv,21,-0.0,1.1019085604106238,0.2788775087873737,-3.9512277816952195,1.0,1.0,ACH,1.0,1,"{""ACH"": 21}"
Sm26,20,-0.0,1.0821406828852,0.2733866130062386,-3.95827970867215,1.0,1.0,ACH,1.0,1,"{""ACH"": 20}"
MeTu4b,21,-0.0,1.0943743765607383,0.2764492690553805,-3.9586806660773073,1.0,1.0,ACH,1.0,1,"{""ACH"": 21}"
ORN_DC2,20,-0.0,1.0827762303796038,0.27341495190985377,-3.960193920691654,1.0,1.0,ACH,1.0,1,"{""ACH"": 20}"
JO-FVA,31,0.205592508185083,1.11468410812415,0.22949149148098671,-3.9613303049816335,1.0,1.0,ACH,0.967741935483871,2,"{""ACH"": 30, ""SER"": 1}"
ORN_VA7m,21,-0.0,1.093387992199649,0.2753986673619177,-3.9702007372561576,1.0,1.0,ACH,1.0,1,"{""ACH"": 21}"
TuBu08,22,-0.0,1.086659316558841,0.27163728402949494,-4.000405616045142,1.0,1.0,ACH,1.0,1,"{""ACH"": 22}"
CB4244,20,-0.0,1.0847011569033531,0.271123465635384,-4.000764575509285,1.0,1.0,ACH,1.0,1,"{""ACH"": 20}"
PAM05,20,-0.0,1.0927994365080496,0.27312323799504584,-4.001122147387077,1.0,1.0,DA,1.0,1,"{""DA"": 20}"
WED057,21,-0.0,1.0913134521324184,0.27249270801859465,-4.004927177933687,1.0,1.0,GABA,1.0,1,"{""GABA"": 21}"
FS1B,21,-0.0,1.0941331832804602,0.27274720342908293,-4.011528512573534,1.0,1.0,ACH,1.0,1,"{""ACH"": 21}"
LHPV5b3,20,-0.0,1.0833256300641636,0.26923266618744907,-4.023752560953785,1.0,1.0,ACH,1.0,1,"{""ACH"": 20}"
PAM12,23,-0.0,1.0930485213771557,0.2715589317307668,-4.025087720041714,1.0,1.0,DA,1.0,1,"{""DA"": 23}"
SMP568,20,-0.0,1.0898745213669132,0.2701622759145549,-4.034147690226045,1.0,1.0,ACH,1.0,1,"{""ACH"": 20}"
Li07,22,-0.0,1.0819002442693293,0.26717905243009704,-4.049345315169836,1.0,1.0,GABA,1.0,1,"{""GABA"": 22}"
LC14a2,23,-0.0,1.0959898547948774,0.2694334963142266,-4.067756495713065,1.0,1.0,ACH,1.0,1,"{""ACH"": 23}"
LC45,24,-0.0,1.0969283822008435,0.2682276020759485,-4.089543259944772,1.0,1.0,ACH,1.0,1,"{""ACH"": 24}"
LT57,22,-0.0,1.0945478092008836,0.2675985996967723,-4.090259853531236,1.0,1.0,ACH,1.0,1,"{""ACH"": 22}"
LCe01a,21,-0.0,1.0834529474339223,0.2625810016043975,-4.126166557420038,1.0,1.0,GLUT,1.0,1,"{""GLUT"": 21}"
s-CPDN3E,24,-0.0,1.0944657114028928,0.2652193768344161,-4.126643100010745,1.0,1.0,GLUT,1.0,1,"{""GLUT"": 24}"
LPi10,37,0.30337483608641397,1.1272969762755722,0.19873122972034887,-4.145911748991677,1.0,1.0,GLUT,0.9459459459459459,2,"{""GLUT"": 35, ""GABA"": 2}"
ORN_DC4,22,-0.0,1.1063440533369893,0.2666572211407703,-4.148937158363854,1.0,1.0,ACH,1.0,1,"{""ACH"": 22}"
PLP115_b,22,-0.0,1.094820712145153,0.2638112878869699,-4.150014659775398,1.0,1.0,ACH,1.0,1,"{""ACH"": 22}"
LT51,22,-0.0,1.1050210362605963,0.26576065511031927,-4.1579557207288405,1.0,1.0,GLUT,1.0,1,"{""GLUT"": 22}"
PAM04,23,-0.0,1.0884385834839148,0.26160946793679696,-4.160547368824106,1.0,1.0,DA,1.0,1,"{""DA"": 23}"
ER3a_a,23,-0.0,1.0866786887909117,0.26102116640751266,-4.163182257389664,1.0,1.0,GABA,1.0,1,"{""GABA"": 23}"
aPhM1,23,-0.0,1.100195157398707,0.2628496588399819,-4.18564422816499,1.0,1.0,ACH,1.0,1,"{""ACH"": 23}"
BM_MaPa,23,-0.0,1.0964850740824,0.26102840384562687,-4.200635095370177,1.0,1.0,ACH,1.0,1,"{""ACH"": 23}"
SMP018,21,-0.0,1.0900558979839077,0.259368095692081,-4.202737021588076,1.0,1.0,ACH,1.0,1,"{""ACH"": 21}"
LPi02,74,0.5713549744279549,1.1586064402161087,0.13917294564262406,-4.219580630966384,1.0,1.0,GLUT,0.8648648648648649,2,"{""GLUT"": 64, ""GABA"": 10}"
ORN_VC4,23,-0.0,1.0881594577374156,0.25738523858516793,-4.227746174252131,1.0,1.0,ACH,1.0,1,"{""ACH"": 23}"
FS4C,25,-0.0,1.095361647417045,0.25879511142764594,-4.2325438118767815,1.0,1.0,ACH,1.0,1,"{""ACH"": 25}"
ER4d,24,-0.0,1.1031790411976778,0.2605268781393653,-4.234415462528773,1.0,1.0,GABA,1.0,1,"{""GABA"": 24}"
Sm31,23,-0.0,1.1025372422577342,0.2599070763208763,-4.242043956112079,1.0,1.0,GABA,1.0,1,"{""GABA"": 23}"
ORN_DP1l,24,-0.0,1.0985455780042104,0.2569461262058276,-4.275392644465154,1.0,1.0,ACH,1.0,1,"{""ACH"": 24}"
CB1964,21,-0.0,1.0962369928939735,0.25585401214337755,-4.284619122093951,1.0,1.0,ACH,1.0,1,"{""ACH"": 21}"
ORN_VC1,26,-0.0,1.1037296236520147,0.2575440303129415,-4.285595835053424,1.0,1.0,ACH,1.0,1,"{""ACH"": 26}"
ORN_VC5,25,-0.0,1.0923424126205585,0.2534495019011864,-4.30990159549193,1.0,1.0,ACH,1.0,1,"{""ACH"": 25}"
FS4B,25,-0.0,1.1115169876225415,0.2577828509816846,-4.311834489337363,1.0,1.0,ACH,1.0,1,"{""ACH"": 25}"
PFL3,24,-0.0,1.1121770974293568,0.25632826995827934,-4.338878023911985,1.0,1.0,ACH,1.0,1,"{""ACH"": 24}"
MLt8,23,-0.0,1.0974070735324353,0.2528377031647977,-4.340361662030895,1.0,1.0,ACH,1.0,1,"{""ACH"": 23}"
Li04,26,-0.0,1.101952754341156,0.2537067214921375,-4.343411746682108,1.0,1.0,GABA,1.0,1,"{""GABA"": 26}"
LMt4,39,0.29181825659888583,1.1350743375933199,0.19413948017169083,-4.343557942200551,1.0,1.0,GLUT,0.9487179487179487,2,"{""GLUT"": 37, ""GABA"": 2}"
FC2C,33,0.19590927087360493,1.1262555373067382,0.21343615065630353,-4.358897326307533,1.0,1.0,ACH,0.9696969696969697,2,"{""ACH"": 32, ""SER"": 1}"
ORN_VM5v,23,-0.0,1.117635757443742,0.25556065574356424,-4.373270033260538,1.0,1.0,ACH,1.0,1,"{""ACH"": 23}"
CB1078,25,-0.0,1.0938595080735154,0.24957574561730225,-4.382875849445852,1.0,1.0,ACH,1.0,1,"{""ACH"": 25}"
FS4A,45,0.3067556640587811,1.146124216250023,0.19141998169768104,-4.384957854174794,1.0,1.0,ACH,0.9555555555555556,3,"{""ACH"": 43, ""SER"": 1, ""GLUT"": 1}"
PS008,24,-0.0,1.1022556370447765,0.25108062586568364,-4.390046556736048,1.0,1.0,GLUT,1.0,1,"{""GLUT"": 24}"
TuBu03,26,-0.0,1.0987691219095808,0.24942684159936387,-4.405175942028137,1.0,1.0,ACH,1.0,1,"{""ACH"": 26}"
LPi11,35,0.18717625687320816,1.1257318355289994,0.2106728514269163,-4.45503809484148,1.0,1.0,GABA,0.9714285714285714,2,"{""GABA"": 34, ""GLUT"": 1}"
SA_DLV,23,-0.0,1.1047866722270343,0.24640096527328742,-4.483694578881608,1.0,1.0,ACH,1.0,1,"{""ACH"": 23}"
s-CPDN3B,25,-0.0,1.111579810482306,0.24790468687355374,-4.483899939533125,1.0,1.0,GLUT,1.0,1,"{""GLUT"": 25}"
TuBu09,34,0.19143325481419343,1.1204529731647392,0.20632874294177536,-4.502619000653288,1.0,1.0,ACH,0.9705882352941176,2,"{""ACH"": 33, ""GLUT"": 1}"
PVLP133,25,-0.0,1.1061874332205326,0.2456531091321728,-4.503046743956952,1.0,1.0,ACH,1.0,1,"{""ACH"": 25}"
ER3w,25,-0.0,1.121792606508538,0.24781564235895598,-4.526722348235161,1.0,1.0,GABA,1.0,1,"{""GABA"": 25}"
hDeltaK,26,-0.0,1.0970407142796528,0.24233837712624687,-4.526896347532055,1.0,1.0,SER,1.0,1,"{""SER"": 26}"
ORN_VM1,25,-0.0,1.112878392053047,0.24458294383666943,-4.55010629357793,1.0,1.0,ACH,1.0,1,"{""ACH"": 25}"
Sm30,26,-0.0,1.097990044627362,0.2408895581115954,-4.558064090593346,1.0,1.0,GABA,1.0,1,"{""GABA"": 26}"
CB2517,26,-0.0,1.1053619661659104,0.24042578004560297,-4.597518477245868,1.0,1.0,GLUT,1.0,1,"{""GLUT"": 26}"
ER1,27,-0.0,1.126448779066483,0.24483451061704065,-4.600857845683465,1.0,1.0,GABA,1.0,1,"{""GABA"": 27}"
SLP405,34,0.19143325481419343,1.120661301815386,0.20156936305543727,-4.609966678049325,1.0,1.0,ACH,0.9705882352941176,2,"{""ACH"": 33, ""SER"": 1}"
ORN_VL2p,27,-0.0,1.109825014416643,0.24053315799484937,-4.614020884556831,1.0,1.0,ACH,1.0,1,"{""ACH"": 27}"
PVLP008,29,-0.0,1.0959355825359485,0.2358608860069261,-4.646533815292147,1.0,1.0,GLUT,1.0,1,"{""GLUT"": 29}"
ORN_VA3,29,-0.0,1.1157152720646202,0.23895306257569351,-4.669181721457089,1.0,1.0,ACH,1.0,1,"{""ACH"": 29}"
MTe05,25,-0.0,1.1208643765727302,0.2397395507928017,-4.675341940310271,1.0,1.0,ACH,1.0,1,"{""ACH"": 25}"
LT52,29,-0.0,1.124869420211911,0.23871221776825996,-4.712240666725847,1.0,1.0,GLUT,1.0,1,"{""GLUT"": 29}"
HRN_VP4,29,-0.0,1.105508306753789,0.2331012615452531,-4.742609711441528,1.0,1.0,ACH,1.0,1,"{""ACH"": 29}"
Li14,26,-0.0,1.1261522302136413,0.23653668687567686,-4.761004498238974,1.0,1.0,GABA,1.0,1,"{""GABA"": 26}"
ORN_VM6v,26,-0.0,1.1091836006536617,0.23206900604907266,-4.779542169535198,1.0,1.0,ACH,1.0,1,"{""ACH"": 26}"
ORN_VM7v,26,-0.0,1.1215378454384182,0.2337890477264047,-4.79722149666701,1.0,1.0,ACH,1.0,1,"{""ACH"": 26}"
AN_AVLP_53,27,-0.0,1.1109449585053135,0.23084064675772964,-4.812605466624191,1.0,1.0,ACH,1.0,1,"{""ACH"": 27}"
LC14a1,30,-0.0,1.121936094663999,0.22976048027605042,-4.883068199178666,1.0,1.0,ACH,1.0,1,"{""ACH"": 30}"
LC33,29,-0.0,1.1215837175929317,0.22948146610050532,-4.887469723161499,1.0,1.0,GLUT,1.0,1,"{""GLUT"": 29}"
FC1D,29,-0.0,1.1168156497235362,0.22767306670917725,-4.905348119855226,1.0,1.0,ACH,1.0,1,"{""ACH"": 29}"
LC24,73,0.409855370318405,1.154752546505286,0.15180321497185387,-4.9069920971370315,1.0,1.0,ACH,0.9178082191780822,2,"{""ACH"": 67, ""GLUT"": 6}"
PAM06,30,-0.0,1.1301950980027173,0.22990012678456523,-4.916026423342517,1.0,1.0,DA,1.0,1,"{""DA"": 30}"
Mi13,545,0.9242909795281409,1.1985641909167994,0.05572036103125885,-4.922315762361852,1.0,1.0,GABA,0.6605504587155964,2,"{""GABA"": 360, ""GLUT"": 185}"
s-CPDN3C,32,-0.0,1.1248735246916535,0.22807362667366823,-4.93206312846133,1.0,1.0,GLUT,1.0,1,"{""GLUT"": 32}"
IbSpsP,30,-0.0,1.1148218418166382,0.22457708665603074,-4.964094326880881,1.0,1.0,ACH,1.0,1,"{""ACH"": 30}"
PAM01,28,-0.0,1.1243523853873383,0.22551933957046966,-4.985614038817295,1.0,1.0,DA,1.0,1,"{""DA"": 28}"
ORN_DM4,29,-0.0,1.116443374650941,0.2238474363784418,-4.987519145689278,1.0,1.0,ACH,1.0,1,"{""ACH"": 29}"
ORN_DM3,41,0.1654270339962668,1.1300262927038895,0.19296214392129973,-4.9989041327248,1.0,1.0,SER,0.975609756097561,2,"{""SER"": 40, ""ACH"": 1}"
Li18,32,-0.0,1.122668625632985,0.22432790969497923,-5.004587379071503,1.0,1.0,GABA,1.0,1,"{""GABA"": 32}"
ORN_VM7d,33,-0.0,1.119684402683434,0.22248917391707407,-5.0325343160326605,1.0,1.0,ACH,1.0,1,"{""ACH"": 33}"
PVLP004,29,-0.0,1.119413243058908,0.22176953233514854,-5.047642168299287,1.0,1.0,GLUT,1.0,1,"{""GLUT"": 29}"
LHPV5c1,29,-0.0,1.1268125950291865,0.22318927910880088,-5.048686027969493,1.0,1.0,ACH,1.0,1,"{""ACH"": 29}"
ORN_VC3,31,-0.0,1.1156899341543218,0.22060084532444668,-5.057505253497243,1.0,1.0,ACH,1.0,1,"{""ACH"": 31}"
ORN_VA4,31,-0.0,1.1311476943915733,0.222147489383926,-5.091877011658093,1.0,1.0,ACH,1.0,1,"{""ACH"": 31}"
AN_GNG_165,33,-0.0,1.1307816195549258,0.2185363602845212,-5.1743408652121605,1.0,1.0,ACH,1.0,1,"{""ACH"": 33}"
ORN_DP1m,32,-0.0,1.1260445064417046,0.21730990746881762,-5.181744907803082,1.0,1.0,ACH,1.0,1,"{""ACH"": 32}"
vDeltaL,41,0.1654270339962668,1.1350793302192665,0.18700855931808658,-5.185069067206164,1.0,1.0,ACH,0.975609756097561,2,"{""ACH"": 40, ""SER"": 1}"
ORN_D,31,-0.0,1.125418746326546,0.21698802779240647,-5.186547653233844,1.0,1.0,ACH,1.0,1,"{""ACH"": 31}"
s-CPDN3A,35,-0.0,1.1244918543091764,0.21609478097183663,-5.203697420419099,1.0,1.0,GLUT,1.0,1,"{""GLUT"": 35}"
MeTu4d,33,-0.0,1.1250802720548143,0.21523612379563736,-5.22719073459554,1.0,1.0,ACH,1.0,1,"{""ACH"": 33}"
LMt3,33,-0.0,1.1319537929049854,0.21637027378490045,-5.231558721556601,1.0,1.0,GLUT,1.0,1,"{""GLUT"": 33}"
Li15,32,-0.0,1.1213412065211046,0.21278235530559225,-5.269897519983106,1.0,1.0,GABA,1.0,1,"{""GABA"": 32}"
TPMN1,48,0.1460942501201363,1.1454289501768848,0.18933730761378403,-5.278065441255887,1.0,1.0,ACH,0.9791666666666666,2,"{""ACH"": 47, ""GLUT"": 1}"
Pm11,33,-0.0,1.1179284755539753,0.21142355811058125,-5.287624924793211,1.0,1.0,GABA,1.0,1,"{""GABA"": 33}"
ORN_DC3,32,-0.0,1.1338884665643156,0.21438410059829974,-5.289051116196946,1.0,1.0,ACH,1.0,1,"{""ACH"": 32}"
FS3,51,0.27790019762551116,1.1455671240119452,0.16377467473410595,-5.297931000596535,1.0,1.0,ACH,0.9607843137254902,3,"{""ACH"": 49, ""SER"": 1, ""GLUT"": 1}"
LC27,37,-0.0,1.1290555560252862,0.21276350965447607,-5.306622164011353,1.0,1.0,ACH,1.0,1,"{""ACH"": 37}"
LCe03,37,-0.0,1.1236234351831926,0.2116884074416321,-5.307911986125194,1.0,1.0,GLUT,1.0,1,"{""GLUT"": 37}"
LC20b,45,0.15374218032876188,1.1487352234155899,0.1874063644668957,-5.309280962347402,1.0,1.0,GLUT,0.9777777777777777,2,"{""GLUT"": 44, ""ACH"": 1}"
Li16,36,-0.0,1.1324646010566057,0.21327027151575662,-5.3099974647565364,1.0,1.0,GABA,1.0,1,"{""GABA"": 36}"
FS2,33,-0.0,1.130945659907529,0.21240023840841993,-5.324596941990515,1.0,1.0,ACH,1.0,1,"{""ACH"": 33}"
s-CPDN3D,37,-0.0,1.1310503631208966,0.20997294826160115,-5.386648006255278,1.0,1.0,GLUT,1.0,1,"{""GLUT"": 37}"
FC1A,36,-0.0,1.1263902281843803,0.20762379346520046,-5.425150024403022,1.0,1.0,ACH,1.0,1,"{""ACH"": 36}"
LC20a,37,-0.0,1.1369034062398724,0.20951726373634375,-5.426299417839621,1.0,1.0,ACH,1.0,1,"{""ACH"": 37}"
LC31a,35,-0.0,1.1276847409378052,0.20676101884378156,-5.454049062264625,1.0,1.0,ACH,1.0,1,"{""ACH"": 35}"
LC36,35,-0.0,1.1279936631035454,0.20662214282352936,-5.459209974736036,1.0,1.0,ACH,1.0,1,"{""ACH"": 35}"
FS1A,36,-0.0,1.1367595026202575,0.20820106277459016,-5.459912103575453,1.0,1.0,ACH,1.0,1,"{""ACH"": 36}"
PFNd,39,-0.0,1.1357053312488519,0.20758102680426627,-5.471142275058399,1.0,1.0,ACH,1.0,1,"{""ACH"": 39}"
Mi2,563,0.8991204715122233,1.1954812383967244,0.0540505616898598,-5.483028438908899,1.0,1.0,GLUT,0.7229129662522202,3,"{""GLUT"": 407, ""GABA"": 152, ""ACH"": 4}"
LC40,37,-0.0,1.1328244931806186,0.20593100598360323,-5.500990430119188,1.0,1.0,ACH,1.0,1,"{""ACH"": 37}"
Delta7,40,-0.0,1.1370684063917988,0.2066847172924255,-5.5014633945238955,1.0,1.0,GLUT,1.0,1,"{""GLUT"": 40}"
BM_Vib,36,-0.0,1.1268500394979621,0.20468002685659265,-5.505422570065814,1.0,1.0,ACH,1.0,1,"{""ACH"": 36}"
LMa2,37,-0.0,1.1267622208120367,0.2029170355548024,-5.552822205052019,1.0,1.0,GABA,1.0,1,"{""GABA"": 37}"
LPTe01,38,-0.0,1.1269173370910193,0.20207012772443875,-5.576862596077469,1.0,1.0,ACH,1.0,1,"{""ACH"": 38}"
cLP03,39,-0.0,1.1343134025651387,0.2031415151897592,-5.583858137050667,1.0,1.0,GABA,1.0,1,"{""GABA"": 39}"
FC1C,37,-0.0,1.131456566360194,0.20231469890183265,-5.5925573994462985,1.0,1.0,ACH,1.0,1,"{""ACH"": 37}"
LCe04,37,-0.0,1.131243560888578,0.20113659396135453,-5.624255331210043,1.0,1.0,ACH,1.0,1,"{""ACH"": 37}"
JO-EDM,37,-0.0,1.1310239508403361,0.200555911904301,-5.639444582316902,1.0,1.0,ACH,1.0,1,"{""ACH"": 37}"
LC14b,38,-0.0,1.1492622934613768,0.20282399602769055,-5.66630337617682,1.0,1.0,ACH,1.0,1,"{""ACH"": 38}"
Sm21,41,-0.0,1.135324737363487,0.19974924581076375,-5.683749807191054,1.0,1.0,ACH,1.0,1,"{""ACH"": 41}"
BM_vOcci_vPoOr,39,-0.0,1.124590059134735,0.19774365498769617,-5.687110715156491,1.0,1.0,ACH,1.0,1,"{""ACH"": 39}"
Dm6,48,0.1460942501201363,1.1417629446801947,0.1745602368709911,-5.703868832945663,1.0,1.0,GABA,0.9791666666666666,2,"{""GABA"": 47, ""GLUT"": 1}"
LCe01b,38,-0.0,1.1317774043225648,0.19763643823868493,-5.726562441667364,1.0,1.0,GLUT,1.0,1,"{""GLUT"": 38}"
MeTu3a,40,-0.0,1.1302246243533205,0.19697049920070275,-5.738040107222758,1.0,1.0,ACH,1.0,1,"{""ACH"": 40}"
ORN_DL5,40,-0.0,1.1379310622918484,0.19791959837164955,-5.7494612542365,1.0,1.0,ACH,1.0,1,"{""ACH"": 40}"
vDeltaK,39,-0.0,1.1389184648862187,0.19774585158532854,-5.759506233660575,1.0,1.0,ACH,1.0,1,"{""ACH"": 39}"
Pm07,41,-0.0,1.1358595289071354,0.19564792302577072,-5.805630396380543,1.0,1.0,GABA,1.0,1,"{""GABA"": 41}"
LC29,43,-0.0,1.1395512734790285,0.19622921534294896,-5.807245732942669,1.0,1.0,ACH,1.0,1,"{""ACH"": 43}"
Sm23,41,-0.0,1.1377737403683126,0.195743167987401,-5.812584684649353,1.0,1.0,GABA,1.0,1,"{""GABA"": 41}"
BM_Ant,40,-0.0,1.1319221423920147,0.1947218398818877,-5.813020989728753,1.0,1.0,ACH,1.0,1,"{""ACH"": 40}"
vDeltaA_a,52,0.1370994788998177,1.1473441191775244,0.17358664214450611,-5.819829382013772,1.0,1.0,ACH,0.9807692307692307,2,"{""ACH"": 51, ""DA"": 1}"
Sm18,39,-0.0,1.1272285433158118,0.19357602148061276,-5.823182720121703,1.0,1.0,GABA,1.0,1,"{""GABA"": 39}"
claw_tpGRN,53,0.13503620280212764,1.1470053815417491,0.1735809288545752,-5.829956006212189,1.0,1.0,ACH,0.9811320754716981,2,"{""ACH"": 52, ""SER"": 1}"
ER2,41,-0.0,1.1302991661776138,0.19343344433193027,-5.843349220613729,1.0,1.0,GABA,1.0,1,"{""GABA"": 41}"
LCe02,52,0.1370994788998177,1.1557735693543165,0.17320691287776305,-5.881255392926526,1.0,1.0,ACH,0.9807692307692307,2,"{""ACH"": 51, ""GLUT"": 1}"
vDeltaM,54,0.13303964861069895,1.1409640486509733,0.17097016508751353,-5.895323312838551,1.0,1.0,ACH,0.9814814814814815,2,"{""ACH"": 53, ""DA"": 1}"
ORN_DL4,41,-0.0,1.1431783645176992,0.1934577857397222,-5.909187682194035,1.0,1.0,SER,1.0,1,"{""SER"": 41}"
aMe5,55,0.13110652958234503,1.1459600385282145,0.1712808045021067,-5.92508607077092,1.0,1.0,ACH,0.9818181818181818,2,"{""ACH"": 54, ""GABA"": 1}"
Sm15,101,0.38448813823925043,1.167403348907134,0.1308036157710048,-5.985424837479395,1.0,1.0,GLUT,0.9405940594059405,3,"{""GLUT"": 95, ""ACH"": 3, ""GABA"": 3}"
EPG,47,-0.0,1.1536655773152364,0.19266980757776728,-5.987786004559031,1.0,1.0,ACH,1.0,1,"{""ACH"": 47}"
LMa5,70,0.2552421131901918,1.1602562967691517,0.15112626405891202,-5.988463945791496,1.0,1.0,GLUT,0.9571428571428572,2,"{""GLUT"": 67, ""GABA"": 3}"
Sm13,39,-0.0,1.1371352292595782,0.18961906101005452,-5.996945788057045,1.0,1.0,GABA,1.0,1,"{""GABA"": 39}"
PAM08,43,-0.0,1.1413995489058664,0.1902198688840181,-6.000422330234108,1.0,1.0,DA,1.0,1,"{""DA"": 43}"
Dm8a,268,0.728591328781697,1.1891509514801222,0.07661832023890676,-6.011090053427629,1.0,1.0,GLUT,0.8097014925373134,3,"{""GLUT"": 217, ""GABA"": 50, ""OCT"": 1}"
FC3,46,-0.0,1.1479795107942559,0.19030914017535744,-6.032182740862933,1.0,1.0,ACH,1.0,1,"{""ACH"": 46}"
cLP01,48,-0.0,1.1381692916902562,0.18691977447250474,-6.089079097715673,1.0,1.0,GABA,1.0,1,"{""GABA"": 48}"
ORN_DA1,102,0.4305518670104394,1.1805226850663504,0.12270444862543597,-6.112010008253654,1.0,1.0,ACH,0.9117647058823529,2,"{""ACH"": 93, ""SER"": 9}"
ER3d,46,-0.0,1.1479676889901933,0.1874493613727163,-6.124148306419798,1.0,1.0,GABA,1.0,1,"{""GABA"": 46}"
MTe52,42,-0.0,1.144974751047085,0.18677694761752084,-6.130171660111652,1.0,1.0,ACH,1.0,1,"{""ACH"": 42}"
Pm10,46,-0.0,1.154524653066049,0.18731260568217656,-6.163624967264581,1.0,1.0,GABA,1.0,1,"{""GABA"": 46}"
Tm33,104,0.3956193268288006,1.172461763513057,0.12594708714980704,-6.168006376838597,1.0,1.0,GLUT,0.9326923076923077,3,"{""GLUT"": 97, ""GABA"": 6, ""ACH"": 1}"
Li12,42,-0.0,1.1547144586769198,0.18516402881317967,-6.236170524470297,1.0,1.0,GLUT,1.0,1,"{""GLUT"": 42}"
Dm13,49,-0.0,1.1435482215463137,0.18190832479151556,-6.286398507912874,1.0,1.0,GABA,1.0,1,"{""GABA"": 49}"
Li08,44,-0.0,1.1488790374803584,0.1827414427816538,-6.286910183001463,1.0,1.0,GABA,1.0,1,"{""GABA"": 44}"
ORN_DM6,44,-0.0,1.1460221543649372,0.18165115014004124,-6.308917689105896,1.0,1.0,ACH,1.0,1,"{""ACH"": 44}"
LC26,57,0.12741851179235877,1.150257562843964,0.16086456815178427,-6.3583862052611995,1.0,1.0,ACH,0.9824561403508771,2,"{""ACH"": 56, ""GLUT"": 1}"
LPi05,70,0.21574768544463674,1.1666849384374771,0.14937781314383328,-6.3659872438833975,1.0,1.0,GLUT,0.9714285714285714,3,"{""GLUT"": 68, ""ACH"": 1, ""GABA"": 1}"
JO-B,86,0.30912345376202427,1.1689358554073577,0.13501632373029157,-6.368210731043852,1.0,1.0,ACH,0.9534883720930233,3,"{""ACH"": 82, ""SER"": 3, ""GABA"": 1}"
Pm06,51,-0.0,1.1470877190380577,0.1797587217343462,-6.381263217554832,1.0,1.0,GABA,1.0,1,"{""GABA"": 51}"
LC25,62,0.11911602665564835,1.1567965644743003,0.16241732036735584,-6.388977083673243,1.0,1.0,GLUT,0.9838709677419355,2,"{""GLUT"": 61, ""ACH"": 1}"
MLt7,48,-0.0,1.154153307991942,0.17947938567924643,-6.430561947958568,1.0,1.0,ACH,1.0,1,"{""ACH"": 48}"
MTe03,47,-0.0,1.1475347237545668,0.17811318072526058,-6.442727703148696,1.0,1.0,ACH,1.0,1,"{""ACH"": 47}"
Dm18,48,-0.0,1.1445340913166555,0.1759644077020028,-6.5043499777235265,1.0,1.0,GABA,1.0,1,"{""GABA"": 48}"
Li09,52,-0.0,1.1532062153518103,0.17678590260260169,-6.523179724030999,1.0,1.0,GABA,1.0,1,"{""GABA"": 52}"
TmY14,262,0.6792490807223351,1.1911431988106538,0.07798754311344672,-6.563793365610683,1.0,1.0,GLUT,0.8320610687022901,3,"{""GLUT"": 218, ""GABA"": 43, ""ACH"": 1}"
PFNa,54,-0.0,1.1480527946344885,0.17427024392143103,-6.587772925549372,1.0,1.0,ACH,1.0,1,"{""ACH"": 54}"
MTe01b,52,-0.0,1.1535766996645611,0.17472877903516004,-6.602099013308111,1.0,1.0,ACH,1.0,1,"{""ACH"": 52}"
MTe54,54,-0.0,1.151737143234129,0.17331238017076003,-6.645440689807349,1.0,1.0,ACH,1.0,1,"{""ACH"": 54}"
ORN_VM5d,67,0.11190990870168403,1.1543098713758035,0.1558588326055748,-6.68810323577924,1.0,1.0,ACH,0.9850746268656716,2,"{""ACH"": 66, ""SER"": 1}"
LMt1,49,-0.0,1.1506536783665136,0.17201951880655533,-6.689087879966005,1.0,1.0,GLUT,1.0,1,"{""GLUT"": 49}"
LMt2,56,-0.0,1.1500219207699622,0.1709384965112803,-6.727694137020047,1.0,1.0,GLUT,1.0,1,"{""GLUT"": 56}"
MLt6,59,-0.0,1.154930416572449,0.16923436434444158,-6.824443847715389,1.0,1.0,ACH,1.0,1,"{""ACH"": 59}"
LMa1,55,-0.0,1.1517089416370696,0.1682368474420321,-6.845759173143707,1.0,1.0,GLUT,1.0,1,"{""GLUT"": 55}"
Sm09,134,0.3890516114819449,1.1810216217028489,0.11558065327495516,-6.852098407307702,1.0,1.0,GLUT,0.9328358208955224,3,"{""GLUT"": 125, ""GABA"": 8, ""ACH"": 1}"
MTe50,54,-0.0,1.151709943193809,0.16770837122123777,-6.86733724027702,1.0,1.0,ACH,1.0,1,"{""ACH"": 54}"
Tlp5,55,-0.0,1.1611692316380942,0.1689420224044447,-6.873181788118247,1.0,1.0,GLUT,1.0,1,"{""GLUT"": 55}"
Pm09,71,0.10679203237584187,1.1566814394906657,0.15162953477684807,-6.924042922508056,1.0,1.0,GABA,0.9859154929577465,2,"{""GABA"": 70, ""ACH"": 1}"
ORN_VA6,60,-0.0,1.14726253262604,0.1653355555191777,-6.938994634417677,1.0,1.0,ACH,1.0,1,"{""ACH"": 60}"
Sm32,60,-0.0,1.1519270934326629,0.16367000792311642,-7.038107397011784,1.0,1.0,GABA,1.0,1,"{""GABA"": 60}"
ORN_VM4,70,0.10802319526362832,1.1563470642941893,0.1482881872387464,-7.069503569712822,1.0,1.0,ACH,0.9857142857142858,2,"{""ACH"": 69, ""SER"": 1}"
Sm20,59,-0.0,1.1593568250108295,0.1623387857682273,-7.1415886199004515,1.0,1.0,ACH,1.0,1,"{""ACH"": 59}"
Li11,62,-0.0,1.1530441322296068,0.15881255274334086,-7.26040928321993,1.0,1.0,GABA,1.0,1,"{""GABA"": 62}"
BM_Taste,66,-0.0,1.1647057206922684,0.15771274910843927,-7.384981412577155,1.0,1.0,ACH,1.0,1,"{""ACH"": 66}"
ORN_DL3,68,-0.0,1.1582210997651006,0.15610664602482519,-7.4194221018681805,1.0,1.0,SER,1.0,1,"{""SER"": 68}"
LLPt,68,-0.0,1.1586134165214534,0.1560165863422768,-7.426219504505956,1.0,1.0,GABA,1.0,1,"{""GABA"": 68}"
LMa4,65,-0.0,1.1476475603533862,0.1544467685169195,-7.430699725049039,1.0,1.0,GABA,1.0,1,"{""GABA"": 65}"
MeTu2a,70,-0.0,1.1589956626006688,0.15455395739483796,-7.498971117509404,1.0,1.0,ACH,1.0,1,"{""ACH"": 70}"
MTe01a,82,0.09501724567107636,1.1679115322670246,0.1410849541552619,-7.604597478305476,1.0,1.0,GLUT,0.9878048780487805,2,"{""GLUT"": 81, ""GABA"": 1}"
MLt5,66,-0.0,1.1635474068546405,0.1526581899647022,-7.6219127655298236,1.0,1.0,ACH,1.0,1,"{""ACH"": 66}"
Sm16,68,-0.0,1.1667306984274408,0.15187225779032032,-7.6823161478132915,1.0,1.0,GABA,1.0,1,"{""GABA"": 68}"
Sm10,76,0.10106696361212415,1.1641153740013097,0.1379284938724814,-7.707242938301076,1.0,1.0,GABA,0.9868421052631579,2,"{""GABA"": 75, ""ACH"": 1}"
LC16,117,0.21497820032771042,1.1782219757210959,0.1239472087906976,-7.771403525673247,1.0,1.0,ACH,0.9658119658119658,2,"{""ACH"": 113, ""GLUT"": 4}"
ORN_VL2a,71,-0.0,1.1652600688337063,0.14993412963152614,-7.7718133402809375,1.0,1.0,ACH,1.0,1,"{""ACH"": 71}"
Dm3v,474,0.7366993858060326,1.1960104206031006,0.05897825541795447,-7.787803005397853,1.0,1.0,GLUT,0.8122362869198312,3,"{""GLUT"": 385, ""GABA"": 86, ""ACH"": 3}"
cLP02,87,0.09054385326964295,1.162256525754413,0.1372592314306063,-7.807946039874136,1.0,1.0,GABA,0.9885057471264368,2,"{""GABA"": 86, ""GLUT"": 1}"
Tm34,71,-0.0,1.1558943380688507,0.14701193277824626,-7.862588541111211,1.0,1.0,GLUT,1.0,1,"{""GLUT"": 71}"
L1,1167,0.9069407574590569,1.1988504363115389,0.03711392785143879,-7.86523269703359,1.0,1.0,GLUT,0.7163667523564696,3,"{""GLUT"": 836, ""GABA"": 323, ""ACH"": 8}"
ORN_DL1,67,-0.0,1.1659512840101423,0.1479544208264248,-7.88047614594766,1.0,1.0,ACH,1.0,1,"{""ACH"": 67}"
Li13,67,-0.0,1.154390371122501,0.14643807462342576,-7.883129944798063,1.0,1.0,GABA,1.0,1,"{""GABA"": 67}"
MTe02,73,-0.0,1.155722959388669,0.14647237808053779,-7.8903816168888525,1.0,1.0,ACH,1.0,1,"{""ACH"": 73}"
Tlp4,91,0.08728058888363333,1.1698095124301011,0.13715839514207984,-7.892545858568089,1.0,1.0,GLUT,0.989010989010989,2,"{""GLUT"": 90, ""GABA"": 1}"
Li02,102,0.07949044238393407,1.166047912654737,0.13254027923285722,-8.197941611107165,1.0,1.0,ACH,0.9901960784313726,2,"{""ACH"": 101, ""GLUT"": 1}"
PFNm,81,-0.0,1.166248369126833,0.14185284848689972,-8.221536483523893,1.0,1.0,ACH,1.0,1,"{""ACH"": 81}"
Pm04,82,-0.0,1.1667998574703287,0.14016994965763974,-8.324179756932189,1.0,1.0,GABA,1.0,1,"{""GABA"": 82}"
LC12,149,0.2805000563057208,1.1741396391147247,0.10734719110319788,-8.324759815558718,1.0,1.0,ACH,0.959731543624161,3,"{""ACH"": 143, ""GLUT"": 4, ""OCT"": 2}"
Li03,83,-0.0,1.164968663179846,0.13921508344062677,-8.368120999451099,1.0,1.0,GABA,1.0,1,"{""GABA"": 83}"
LC10b,83,-0.0,1.164635743038285,0.13816066025242427,-8.429575690435001,1.0,1.0,ACH,1.0,1,"{""ACH"": 83}"
MLt4,89,-0.0,1.1637226223497334,0.13695988977195608,-8.496813368405743,1.0,1.0,ACH,1.0,1,"{""ACH"": 89}"
Tm31,107,0.07642429309554775,1.1732057110888168,0.12896201708730373,-8.50468566454554,1.0,1.0,GABA,0.9906542056074766,2,"{""GABA"": 106, ""GLUT"": 1}"
Li17,89,-0.0,1.1743221071187955,0.13359294284422982,-8.790300461365405,1.0,1.0,GABA,1.0,1,"{""GABA"": 89}"
BM_InOm,559,0.7079710040956029,1.1931174429124507,0.055096965706075855,-8.805320449132246,1.0,1.0,ACH,0.8604651162790697,4,"{""ACH"": 481, ""DA"": 60, ""SER"": 16, ""GLUT"": 2}"
JO-E,101,0.08013604733127525,1.1790455999310487,0.12460615167963851,-8.819063407279135,1.0,1.0,ACH,0.9900990099009901,2,"{""ACH"": 100, ""GABA"": 1}"
LC22,89,-0.0,1.1680475592268023,0.13073380695040515,-8.93454865633883,1.0,1.0,ACH,1.0,1,"{""ACH"": 89}"
MeTu4c,93,-0.0,1.1707748011577714,0.13103271498358615,-8.934980865690136,1.0,1.0,ACH,1.0,1,"{""ACH"": 93}"
MLt1,92,-0.0,1.1707924071192797,0.13093917758536175,-8.94149809636629,1.0,1.0,ACH,1.0,1,"{""ACH"": 92}"
LC28a,96,-0.0,1.1646978030752542,0.12920016844248167,-9.014677125546964,1.0,1.0,ACH,1.0,1,"{""ACH"": 96}"
Tm32,167,0.30270618933056076,1.1857830848418958,0.09723607980090614,-9.081782166860924,1.0,1.0,GLUT,0.9461077844311377,2,"{""GLUT"": 158, ""ACH"": 9}"
MeTu3b,96,-0.0,1.172650541816345,0.1271239748411518,-9.22446409720617,1.0,1.0,ACH,1.0,1,"{""ACH"": 96}"
LC10e,101,-0.0,1.168605618552162,0.12660662613359325,-9.23020898858065,1.0,1.0,ACH,1.0,1,"{""ACH"": 101}"
MLt3,107,-0.0,1.1739302746489242,0.12709206024468045,-9.23684982672283,1.0,1.0,ACH,1.0,1,"{""ACH"": 107}"
MTe51,99,-0.0,1.1709914265777497,0.12670020833064116,-9.242221792736842,1.0,1.0,ACH,1.0,1,"{""ACH"": 99}"
LC4,103,-0.0,1.172274108985034,0.12617962567247526,-9.290518201630336,1.0,1.0,ACH,1.0,1,"{""ACH"": 103}"
LC15,104,-0.0,1.1722768825926477,0.12206198843807356,-9.603947122222952,1.0,1.0,ACH,1.0,1,"{""ACH"": 104}"
Sm05,135,0.11124104948299228,1.1782457647157754,0.11095669402825645,-9.616406874569078,1.0,1.0,GABA,0.9851851851851852,2,"{""GABA"": 133, ""ACH"": 2}"
Dm15,312,0.5012507930905181,1.1930847268560936,0.07153088279736489,-9.671821550496254,1.0,1.0,GLUT,0.9006410256410257,3,"{""GLUT"": 281, ""GABA"": 29, ""ACH"": 2}"
MLt2,101,-0.0,1.1719796284390012,0.12108089297277395,-9.679311075964154,1.0,1.0,ACH,1.0,1,"{""ACH"": 101}"
Pm08,117,-0.0,1.1714523047375218,0.12005710881309571,-9.757458898674903,1.0,1.0,GABA,1.0,1,"{""GABA"": 117}"
LC6,120,-0.0,1.1719645061189343,0.11953345719707971,-9.804489333782662,1.0,1.0,ACH,1.0,1,"{""ACH"": 120}"
LPLC4,110,-0.0,1.1675701857113747,0.11854241152481662,-9.84938783253069,1.0,1.0,ACH,1.0,1,"{""ACH"": 110}"
MeTu4a,126,-0.0,1.171679165981461,0.11828552606094858,-9.905515957867355,1.0,1.0,ACH,1.0,1,"{""ACH"": 126}"
Lawf1,182,0.25795002714933096,1.1883015842234066,0.09388619383980928,-9.90935428335142,1.0,1.0,ACH,0.9615384615384616,3,"{""ACH"": 175, ""GABA"": 6, ""GLUT"": 1}"
LPC2,111,-0.0,1.175672647208105,0.11763987629246704,-9.993827639577244,1.0,1.0,ACH,1.0,1,"{""ACH"": 111}"
KCab-p,128,-0.0,1.1768766953241447,0.11716100798352468,-10.044951947576608,1.0,1.0,ACH,1.0,1,"{""ACH"": 128}"
Tm8b,126,-0.0,1.1801176324788623,0.11744247235429217,-10.048474021551305,1.0,1.0,ACH,1.0,1,"{""ACH"": 126}"
Tm35,118,-0.0,1.1719143961488052,0.11625987352200623,-10.080127912120767,1.0,1.0,GLUT,1.0,1,"{""GLUT"": 118}"
Li01,164,0.09501724567107636,1.1823580365585675,0.10682658714741732,-10.178559663120149,1.0,1.0,GLUT,0.9878048780487805,2,"{""GLUT"": 162, ""GABA"": 2}"
LC11,127,-0.0,1.1736093323607666,0.1150221323400069,-10.203334858125933,1.0,1.0,ACH,1.0,1,"{""ACH"": 127}"
Sm03,143,0.12017384944811041,1.1790658086286916,0.10356895171214008,-10.2240289360432,1.0,1.0,GLUT,0.986013986013986,3,"{""GLUT"": 141, ""ACH"": 1, ""GABA"": 1}"
Sm12,143,0.06012244887863518,1.1732874989092388,0.10800231044699789,-10.306863301566953,1.0,1.0,GABA,0.993006993006993,2,"{""GABA"": 142, ""GLUT"": 1}"
Mi14,217,0.26988551182997633,1.1915639291486282,0.0878559847333113,-10.490786940883153,1.0,1.0,GLUT,0.9585253456221198,3,"{""GLUT"": 208, ""GABA"": 8, ""ACH"": 1}"
Sm06,156,0.1117796081762559,1.1811524987420348,0.10183110698865758,-10.501436370370506,1.0,1.0,GABA,0.9871794871794872,3,"{""GABA"": 154, ""ACH"": 1, ""GLUT"": 1}"
Y11,128,-0.0,1.1780248830105868,0.1119214042450009,-10.525465535009177,1.0,1.0,GLUT,1.0,1,"{""GLUT"": 128}"
LC21,130,-0.0,1.1797427802491611,0.11194569658421348,-10.538527306064642,1.0,1.0,ACH,1.0,1,"{""ACH"": 130}"
MeTu3c,137,-0.0,1.1757557462278327,0.10843355221123599,-10.8430990431576,1.0,1.0,ACH,1.0,1,"{""ACH"": 137}"
Y1,161,0.09645482910708593,1.1818140357697355,0.0995662297177069,-10.900876830828002,1.0,1.0,GLUT,0.9875776397515528,2,"{""GLUT"": 159, ""GABA"": 2}"
Tlp1,139,-0.0,1.1775359434226291,0.10693953816154479,-11.011230866209859,1.0,1.0,GLUT,1.0,1,"{""GLUT"": 139}"
Pm05,145,-0.0,1.1800417082043215,0.10470704829150099,-11.269935763246082,1.0,1.0,GABA,1.0,1,"{""GABA"": 145}"
LPLC1,140,-0.0,1.178450171775463,0.10389611911705625,-11.342581241631779,1.0,1.0,ACH,1.0,1,"{""ACH"": 140}"
Y4,162,0.054185698091702955,1.1784049477347087,0.09828889796068103,-11.437906752121,1.0,1.0,GLUT,0.9938271604938271,2,"{""GLUT"": 161, ""ACH"": 1}"
Li05,167,-0.0,1.1765384184438992,0.10164318843307574,-11.575182130562144,1.0,1.0,ACH,1.0,1,"{""ACH"": 167}"
Sm08,163,-0.0,1.1796204190015482,0.10186961327974982,-11.57970842357207,1.0,1.0,GABA,1.0,1,"{""GABA"": 163}"
LC13,145,-0.0,1.1841055155580271,0.10159709843219418,-11.65491469570165,1.0,1.0,ACH,1.0,1,"{""ACH"": 145}"
Li10,184,0.1201543850557974,1.1823520830135517,0.08944239460946779,-11.875774375178871,1.0,1.0,GLUT,0.9836956521739131,2,"{""GLUT"": 181, ""ACH"": 3}"
LPC1,164,-0.0,1.1838007483295907,0.09893081937885873,-11.965945048895108,1.0,1.0,ACH,1.0,1,"{""ACH"": 164}"
Dm9,179,0.04984622021387214,1.1856845057676377,0.09482130964212501,-11.978723873785874,1.0,1.0,ACH,0.994413407821229,2,"{""ACH"": 178, ""GABA"": 1}"
Dm8b,331,0.3520569755296152,1.1928529940588646,0.06956396625694675,-12.086660145622252,1.0,1.0,GLUT,0.9516616314199395,4,"{""GLUT"": 315, ""ACH"": 7, ""GABA"": 6, ""OCT"": 3}"
Pm03,188,-0.0,1.1847424772670607,0.09700746227756382,-12.212900424888979,1.0,1.0,GABA,1.0,1,"{""GABA"": 188}"
LC9,179,-0.0,1.1885875418369445,0.09717343956635524,-12.231609245706622,1.0,1.0,ACH,1.0,1,"{""ACH"": 179}"
Pm02,178,-0.0,1.1853060655731273,0.09664128713228759,-12.265007024902506,1.0,1.0,GABA,1.0,1,"{""GABA"": 178}"
LC10d,188,-0.0,1.1809694250602005,0.09529513753133907,-12.392756395066044,1.0,1.0,ACH,1.0,1,"{""ACH"": 188}"
LC18,188,-0.0,1.183567128472237,0.09296329950014465,-12.731552503366078,1.0,1.0,ACH,1.0,1,"{""ACH"": 188}"
Li06,196,-0.0,1.1831214101993894,0.09244976178354752,-12.797452231076914,1.0,1.0,ACH,1.0,1,"{""ACH"": 196}"
LPLC2,208,-0.0,1.1876537515615353,0.09205770146335783,-12.901188414249761,1.0,1.0,ACH,1.0,1,"{""ACH"": 208}"
LC10c,200,0.0454146923337941,1.1880832170415263,0.08821866806094521,-12.95268393667345,1.0,1.0,ACH,0.995,2,"{""ACH"": 199, ""GLUT"": 1}"
Y12,196,-0.0,1.1875453478846,0.09102544439371554,-13.046301018296253,1.0,1.0,GLUT,1.0,1,"{""GLUT"": 196}"
LC17,201,-0.0,1.1865605472758698,0.09015166796926034,-13.161825776539818,1.0,1.0,ACH,1.0,1,"{""ACH"": 201}"
Tm37,229,0.07227581161206317,1.1885867190730324,0.0843895194927363,-13.228075170602835,1.0,1.0,ACH,0.9912663755458515,2,"{""ACH"": 227, ""GLUT"": 2}"
LLPC1,219,-0.0,1.186136389767651,0.08898799427699652,-13.329173214934098,1.0,1.0,ACH,1.0,1,"{""ACH"": 219}"
Mi15,697,0.5363885415550139,1.1974192511385255,0.04939587974990962,-13.38230461589706,1.0,1.0,ACH,0.8852223816355811,4,"{""ACH"": 617, ""GLUT"": 78, ""SER"": 1, ""GABA"": 1}"
LLPC3,204,-0.0,1.1873461110360894,0.08810486216846419,-13.47651062396284,1.0,1.0,ACH,1.0,1,"{""ACH"": 204}"
C2,1067,0.6585210121699702,1.2008321550810384,0.04013415755012201,-13.512458614181615,1.0,1.0,GABA,0.8444236176194939,3,"{""GABA"": 901, ""ACH"": 160, ""GLUT"": 6}"
Lawf2,281,0.14171190715767118,1.1901494290215675,0.07677420032186537,-13.656117777436496,1.0,1.0,ACH,0.9822064056939501,3,"{""ACH"": 276, ""GABA"": 4, ""DA"": 1}"
Tm5d,285,0.16633704704670643,1.1934931183122162,0.07507721718921576,-13.681328500452898,1.0,1.0,GLUT,0.9754385964912281,2,"{""GLUT"": 278, ""GABA"": 7}"
MeTu1,242,0.038671790863764946,1.1876249855188137,0.08241133968844341,-13.941688109896932,1.0,1.0,ACH,0.9958677685950413,2,"{""ACH"": 241, ""GABA"": 1}"
Pm01,239,0.03908175497953278,1.1887021027582607,0.08223659218623791,-13.979425912679222,1.0,1.0,GABA,0.99581589958159,2,"{""GABA"": 238, ""ACH"": 1}"
LC10a,232,0.04007569957968721,1.1896195046607407,0.08151156770647423,-14.102830278281454,1.0,1.0,ACH,0.9956896551724138,2,"{""ACH"": 231, ""GLUT"": 1}"
LLPC2,234,-0.0,1.1882117928599318,0.0826977192876312,-14.368132556681626,1.0,1.0,ACH,1.0,1,"{""ACH"": 234}"
Sm01,256,-0.0,1.1918794570548052,0.08059092877519362,-14.78925078999304,1.0,1.0,ACH,1.0,1,"{""ACH"": 256}"
Tm36,278,0.06155707966316687,1.1889606426259338,0.07621944855417882,-14.791547096557363,1.0,1.0,ACH,0.9928057553956835,2,"{""ACH"": 276, ""GLUT"": 2}"
TmY15,254,-0.0,1.1878957273388888,0.08027454983648381,-14.79791203760827,1.0,1.0,GABA,1.0,1,"{""GABA"": 254}"
Sm07,310,0.11238027668084585,1.1938174996897994,0.07288612809993643,-14.8373531589737,1.0,1.0,GABA,0.9870967741935484,3,"{""GABA"": 306, ""ACH"": 2, ""GLUT"": 2}"
Tm8a,234,-0.0,1.1860904878711702,0.07864402789777715,-15.081761699856864,1.0,1.0,ACH,1.0,1,"{""ACH"": 234}"
KCapbp-ap1,280,-0.0,1.1881882763622797,0.07560664587178723,-15.715394627837268,1.0,1.0,ACH,1.0,1,"{""ACH"": 280}"
Mi9,1193,0.6046549048915433,1.200919717293184,0.037835138918785476,-15.759551291236045,1.0,1.0,GLUT,0.8549874266554903,3,"{""GLUT"": 1020, ""GABA"": 172, ""ACH"": 1}"
Dm3q,622,0.3861116724709729,1.1955336252871622,0.05110049773332047,-15.839805651998564,1.0,1.0,GLUT,0.932475884244373,4,"{""GLUT"": 580, ""GABA"": 39, ""ACH"": 2, ""OCT"": 1}"
TmY20,282,-0.0,1.1943659731361558,0.07348533077524515,-16.253121004369206,1.0,1.0,ACH,1.0,1,"{""ACH"": 282}"
KCg-d,295,-0.0,1.1966512455979894,0.07343567884957834,-16.29522957157031,1.0,1.0,ACH,1.0,1,"{""ACH"": 295}"
Tm5e,414,0.1677101119629532,1.1932233941480586,0.06256822419655511,-16.39032105120171,1.0,1.0,GLUT,0.9782608695652174,3,"{""GLUT"": 405, ""GABA"": 7, ""ACH"": 2}"
KCapbp-m,338,-0.0,1.193111897660304,0.07163137330612858,-16.65627563164735,1.0,1.0,ACH,1.0,1,"{""ACH"": 338}"
TmY31,317,-0.0,1.1930836174414539,0.07106874436748016,-16.787740209286554,1.0,1.0,ACH,1.0,1,"{""ACH"": 317}"
KCapbp-ap2,298,-0.0,1.192531947435193,0.07093321551596862,-16.812038461258364,1.0,1.0,ACH,1.0,1,"{""ACH"": 298}"
Dm3p,681,0.355593725736809,1.1977239171522438,0.05004458129128445,-16.82759990564846,1.0,1.0,GLUT,0.9353891336270191,3,"{""GLUT"": 637, ""GABA"": 43, ""ACH"": 1}"
Tm16,343,-0.0,1.1916503914984922,0.07022581769533598,-16.968836114778842,1.0,1.0,ACH,1.0,1,"{""ACH"": 343}"
Tm5c,533,0.2234183481482849,1.1937454475909406,0.05685410810331638,-17.066965463240734,1.0,1.0,GLUT,0.9662288930581614,3,"{""GLUT"": 515, ""GABA"": 17, ""ACH"": 1}"
TmY9q,353,-0.0,1.1938975361089557,0.06935617306005004,-17.2140053788039,1.0,1.0,ACH,1.0,1,"{""ACH"": 353}"
TmY9q__perp,372,-0.0,1.194956798553156,0.0676111423876189,-17.673962550468296,1.0,1.0,ACH,1.0,1,"{""ACH"": 372}"
TmY11,374,-0.0,1.1888539410729486,0.0663081069382047,-17.929239665685092,1.0,1.0,ACH,1.0,1,"{""ACH"": 374}"
R1-6,4090,0.8534416907783804,1.2025610297493943,0.01946556303944858,-17.935229423546318,1.0,1.0,ACH,0.8193154034229829,5,"{""ACH"": 3351, ""GLUT"": 595, ""GABA"": 72, ""SER"": 65, ""OCT"": 7}"
Sm02,378,-0.0,1.1916155250222764,0.06592304637755027,-18.075856479655567,1.0,1.0,ACH,1.0,1,"{""ACH"": 378}"
Mi10,405,-0.0,1.1943328460648985,0.0643691046510261,-18.55444242295919,1.0,1.0,ACH,1.0,1,"{""ACH"": 405}"
Dm10,479,0.0696495721898393,1.1955667923698914,0.05936042073420721,-18.967473718245188,1.0,1.0,GABA,0.9916492693110647,2,"{""GABA"": 475, ""ACH"": 4}"
TmY10,446,0.022964072555005984,1.1970715474560745,0.061892877952857236,-18.969993216269025,1.0,1.0,ACH,0.9977578475336323,2,"{""ACH"": 445, ""GLUT"": 1}"
Tm5a,451,-0.0,1.1961920579620282,0.061829294630773905,-19.346687765165854,1.0,1.0,ACH,1.0,1,"{""ACH"": 451}"
TmY4,430,0.023695834967820677,1.1940930816296593,0.05973999148667462,-19.591520144807905,1.0,1.0,ACH,0.9976744186046511,2,"{""ACH"": 429, ""GABA"": 1}"
Tm7,484,-0.0,1.195657939858516,0.06058442449740195,-19.73540146295835,1.0,1.0,ACH,1.0,1,"{""ACH"": 484}"
Tm5b,456,-0.0,1.1979488635561766,0.0603487032909627,-19.850449110404845,1.0,1.0,ACH,1.0,1,"{""ACH"": 456}"
L4,1110,0.3976686342847273,1.1987586115195015,0.03762551008311106,-21.29113932183896,1.0,1.0,ACH,0.9378378378378378,3,"{""ACH"": 1041, ""GLUT"": 38, ""GABA"": 31}"
Y3,602,-0.0,1.1973458053304176,0.05450015166576087,-21.96958666598789,1.0,1.0,ACH,1.0,1,"{""ACH"": 602}"
TmY3,726,0.015076483100206293,1.196649456424193,0.04788785753170082,-24.673748925639625,1.0,1.0,ACH,0.9986225895316805,2,"{""ACH"": 725, ""GLUT"": 1}"
T4d,1220,0.301201886956432,1.1996952727969128,0.036316706471320105,-24.740497504916522,1.0,1.0,ACH,0.9565573770491803,3,"{""ACH"": 1167, ""GLUT"": 28, ""GABA"": 25}"
T5d,1138,0.23889133789558833,1.1982641404415042,0.03850422599814601,-24.9160391535233,1.0,1.0,ACH,0.9666080843585237,3,"{""ACH"": 1100, ""GLUT"": 28, ""GABA"": 10}"
Tm25,715,0.015277601572357066,1.19641124457641,0.047024398080150576,-25.11746436373037,1.0,1.0,ACH,0.9986013986013986,2,"{""ACH"": 714, ""GLUT"": 1}"
Tm5f,799,-0.0,1.1993177491845022,0.04445945801064878,-26.97553687895263,1.0,1.0,ACH,1.0,1,"{""ACH"": 799}"
Tm27,1102,0.020956975673495064,1.1975409908189745,0.03933924179604082,-29.908660193443108,1.0,1.0,ACH,0.9981851179673321,3,"{""ACH"": 1100, ""GABA"": 1, ""GLUT"": 1}"
TmY5a,1151,0.09931549297335028,1.2022059640725011,0.036513680785729224,-30.204856025640606,1.0,1.0,GLUT,0.9887054735013032,3,"{""GLUT"": 1138, ""GABA"": 9, ""ACH"": 4}"
Dm2,1218,-0.0,1.2003748079082461,0.03759148480343531,-31.932093509606446,1.0,1.0,ACH,1.0,1,"{""ACH"": 1218}"
T4a,1375,0.06938708306249577,1.201922784404403,0.03493002707208692,-32.422983784256274,1.0,1.0,ACH,0.9927272727272727,3,"{""ACH"": 1365, ""GABA"": 5, ""GLUT"": 5}"
Tm21,1272,0.00924136065282799,1.1992412855749939,0.03619843808700312,-32.87434452453432,1.0,1.0,ACH,0.9992138364779874,2,"{""ACH"": 1271, ""GABA"": 1}"
T5c,1459,0.05205242552224368,1.1996006782303956,0.03400391804519742,-33.74753024586315,1.0,1.0,ACH,0.9945167923235092,3,"{""ACH"": 1451, ""GLUT"": 7, ""GABA"": 1}"
Tm20,1459,0.02320488338786912,1.2004977164985189,0.03449197885480978,-34.13236561654916,1.0,1.0,ACH,0.997943797121316,3,"{""ACH"": 1456, ""GABA"": 2, ""GLUT"": 1}"
L3,1379,0.024373889831538886,1.1998242144661195,0.03440681169903181,-34.16330274704463,1.0,1.0,ACH,0.9978245105148659,3,"{""ACH"": 1376, ""GABA"": 2, ""GLUT"": 1}"
T4b,1427,0.030079099917705986,1.2013891376428234,0.03424092980926021,-34.20789225788913,1.0,1.0,ACH,0.9971969166082691,3,"{""ACH"": 1423, ""GABA"": 3, ""GLUT"": 1}"
T5a,1393,0.05649365647510572,1.201335034172592,0.033298833331657195,-34.380825487032475,1.0,1.0,ACH,0.994256999282125,3,"{""ACH"": 1385, ""GLUT"": 5, ""GABA"": 3}"
L5,1427,0.07284889460099946,1.2001989438338312,0.03265883982427136,-34.51898644589968,1.0,1.0,ACH,0.9922915206727401,3,"{""ACH"": 1416, ""GLUT"": 6, ""GABA"": 5}"
C3,1502,0.040176585885549315,1.201239476307714,0.0336018926849795,-34.55349677195938,1.0,1.0,GABA,0.996005326231691,3,"{""GABA"": 1496, ""ACH"": 5, ""GLUT"": 1}"
Mi4,1526,0.014439434423113212,1.2008191772007855,0.03407493660744838,-34.8167850301545,1.0,1.0,GABA,0.9986893840104849,2,"{""GABA"": 1524, ""ACH"": 2}"
T5b,1414,0.02384737607195917,1.199395027063747,0.03363773102300779,-34.947293269802536,1.0,1.0,ACH,0.9978783592644979,3,"{""ACH"": 1411, ""GABA"": 2, ""GLUT"": 1}"
T2,1456,-0.0,1.20144356516083,0.03436990471367692,-34.956266977450646,1.0,1.0,ACH,1.0,1,"{""ACH"": 1456}"
Mi1,1487,0.020970676230336868,1.2005306045323056,0.03344515897274239,-35.268480238449555,1.0,1.0,ACH,0.9979825151311366,2,"{""ACH"": 1484, ""GLUT"": 3}"
Tm9,1518,0.014505534000858198,1.1995041802189699,0.03237479309197627,-36.602508712613215,1.0,1.0,ACH,0.9986824769433466,2,"{""ACH"": 1516, ""GABA"": 2}"
Tm4,1488,-0.0,1.2016097223865867,0.03262153494510533,-36.83486152348822,1.0,1.0,ACH,1.0,1,"{""ACH"": 1488}"
Tm1,1553,-0.0,1.1996039576651973,0.032360434496347935,-37.07008191749031,1.0,1.0,ACH,1.0,1,"{""ACH"": 1553}"
L2,1562,-0.0,1.2019539668703116,0.0320084850331983,-37.55110451568322,1.0,1.0,ACH,1.0,1,"{""ACH"": 1562}"
T4c,1605,-0.0,1.2012793928644336,0.03183147019405333,-37.73873420049739,1.0,1.0,ACH,1.0,1,"{""ACH"": 1605}"
KCab,1643,-0.0,1.199898108200676,0.031647799147254504,-37.91410905439752,1.0,1.0,ACH,1.0,1,"{""ACH"": 1643}"
Tm2,1548,-0.0,1.199279339354359,0.03161269880936174,-37.936632572452375,1.0,1.0,ACH,1.0,1,"{""ACH"": 1548}"
T3,1673,-0.0,1.2005405737121935,0.030710978991800073,-39.09157614391718,1.0,1.0,ACH,1.0,1,"{""ACH"": 1673}"
Tm3,1743,-0.0,1.1996569204000171,0.0302183040458345,-39.69967734060794,1.0,1.0,ACH,1.0,1,"{""ACH"": 1743}"
T2a,1753,-0.0,1.2016404745187188,0.030043950749453065,-39.996087217011365,1.0,1.0,ACH,1.0,1,"{""ACH"": 1753}"
KCg-m,2189,-0.0,1.2029514566133266,0.02664616443165498,-45.14538892450315,1.0,1.0,ACH,1.0,1,"{""ACH"": 2189}"
