cell_type,n_neurons,n_nt_types,entropy,dominant_nt,dominant_frac,nt_distribution
R7,474,6,1.6248866708525729,GLUT,0.4409282700421941,"{'GLUT': np.int64(209), 'GABA': np.int64(184), 'ACH': np.int64(69), 'OCT': np.int64(7), 'DA': np.int64(3), 'SER': np.int64(2)}"
Sm19,24,3,1.3965354233178195,ACH,0.5833333333333334,"{'ACH': np.int64(14), 'GABA': np.int64(5), 'GLUT': np.int64(5)}"
R8,475,5,1.3756291741423423,ACH,0.5789473684210527,"{'ACH': np.int64(275), 'GLUT': np.int64(152), 'GABA': np.int64(43), 'SER': np.int64(3), 'OCT': np.int64(2)}"
ORN_V,36,3,1.2539878735947696,SER,0.4722222222222222,"{'SER': np.int64(17), 'ACH': np.int64(17), 'GABA': np.int64(2)}"
Lai,140,4,1.238858362226506,GABA,0.5,"{'GABA': np.int64(70), 'ACH': np.int64(64), 'GLUT': np.int64(5), 'DA': np.int64(1)}"
mAL4,25,3,1.0783220795483648,GLUT,0.68,"{'GLUT': np.int64(17), 'GABA': np.int64(7), 'ACH': np.int64(1)}"
AN_GNG_175,23,3,1.0676111603502403,ACH,0.7391304347826086,"{'ACH': np.int64(17), 'SER': np.int64(4), 'GLUT': np.int64(2)}"
LPi08,31,3,1.0584546687309146,GLUT,0.6774193548387096,"{'GLUT': np.int64(21), 'GABA': np.int64(9), 'ACH': np.int64(1)}"
T1,296,3,1.0255166818306294,ACH,0.5912162162162162,"{'ACH': np.int64(175), 'GABA': np.int64(119), 'GLUT': np.int64(2)}"
PFNp,158,3,1.0198220093446957,ACH,0.689873417721519,"{'ACH': np.int64(109), 'DA': np.int64(45), 'SER': np.int64(4)}"
ORN_DM5,24,2,1.0,ACH,0.5,"{'ACH': np.int64(12), 'SER': np.int64(12)}"
ORN_DM1,31,2,0.9932338197397066,ACH,0.5483870967741935,"{'ACH': np.int64(17), 'SER': np.int64(14)}"
Sm22,29,2,0.9922666387194963,GLUT,0.5517241379310345,"{'GLUT': np.int64(16), 'GABA': np.int64(13)}"
ORN_VM3,23,2,0.9876925088958034,SER,0.5652173913043478,"{'SER': np.int64(13), 'ACH': np.int64(10)}"
Dm12,152,2,0.9717150802237341,GABA,0.5986842105263158,"{'GABA': np.int64(91), 'GLUT': np.int64(61)}"
Dm16,59,2,0.9646900825612558,GABA,0.6101694915254238,"{'GABA': np.int64(36), 'GLUT': np.int64(23)}"
ORN_VA1v,60,2,0.9603622703154779,ACH,0.6166666666666667,"{'ACH': np.int64(37), 'SER': np.int64(23)}"
Dm4,60,2,0.9603622703154779,GLUT,0.6166666666666667,"{'GLUT': np.int64(37), 'GABA': np.int64(23)}"
MeTu2b,28,3,0.9591963191047147,ACH,0.75,"{'ACH': np.int64(21), 'GABA': np.int64(6), 'DA': np.int64(1)}"
LPi09,83,2,0.9438767571287909,GABA,0.6385542168674698,"{'GABA': np.int64(53), 'GLUT': np.int64(30)}"
PFR,22,3,0.9373012413074896,DA,0.7727272727272727,"{'DA': np.int64(17), 'SER': np.int64(4), 'GLUT': np.int64(1)}"
Mi13,545,2,0.9242909795281409,GABA,0.6605504587155964,"{'GABA': np.int64(360), 'GLUT': np.int64(185)}"
ORN_VL1,30,2,0.9182958340544896,ACH,0.6666666666666666,"{'ACH': np.int64(20), 'SER': np.int64(10)}"
L1,1167,3,0.906940757459057,GLUT,0.7163667523564696,"{'GLUT': np.int64(836), 'GABA': np.int64(323), 'ACH': np.int64(8)}"
Mi2,563,3,0.8991204715122233,GLUT,0.7229129662522202,"{'GLUT': np.int64(407), 'GABA': np.int64(152), 'ACH': np.int64(4)}"
Dm11,107,2,0.8913309584070233,GLUT,0.6915887850467289,"{'GLUT': np.int64(74), 'GABA': np.int64(33)}"
Dm20,62,3,0.8837342952634009,GABA,0.7580645161290323,"{'GABA': np.int64(47), 'GLUT': np.int64(14), 'ACH': np.int64(1)}"
R1-6,4090,5,0.8534416907783804,ACH,0.8193154034229829,"{'ACH': np.int64(3351), 'GLUT': np.int64(595), 'GABA': np.int64(72), 'SER': np.int64(65), 'OCT': np.int64(7)}"
JO-F,43,3,0.8454801825506668,ACH,0.7906976744186046,"{'ACH': np.int64(34), 'SER': np.int64(8), 'GLUT': np.int64(1)}"
Sm04,103,2,0.8299524341722848,GABA,0.7378640776699029,"{'GABA': np.int64(76), 'GLUT': np.int64(27)}"
LB3,84,3,0.8142271109873961,ACH,0.8333333333333334,"{'ACH': np.int64(70), 'SER': np.int64(8), 'GLUT': np.int64(6)}"
TmY16,88,2,0.7927652363756528,GABA,0.7613636363636364,"{'GABA': np.int64(67), 'GLUT': np.int64(21)}"
Tlp14,48,2,0.77655578544446,GLUT,0.7708333333333334,"{'GLUT': np.int64(37), 'GABA': np.int64(11)}"
ocellar_retinula_cell,125,3,0.7665188914976586,SER,0.848,"{'SER': np.int64(106), 'ACH': np.int64(10), 'GLUT': np.int64(9)}"
JO-A,32,2,0.7578784625383954,ACH,0.78125,"{'ACH': np.int64(25), 'SER': np.int64(7)}"
Dm3v,474,3,0.7366993858060326,GLUT,0.8122362869198312,"{'GLUT': np.int64(385), 'GABA': np.int64(86), 'ACH': np.int64(3)}"
Dm8a,268,3,0.728591328781697,GLUT,0.8097014925373134,"{'GLUT': np.int64(217), 'GABA': np.int64(50), 'OCT': np.int64(1)}"
BM_InOm,559,4,0.707971004095603,ACH,0.8604651162790697,"{'ACH': np.int64(481), 'DA': np.int64(60), 'SER': np.int64(16), 'GLUT': np.int64(2)}"
TmY14,262,3,0.679249080722335,GLUT,0.8320610687022901,"{'GLUT': np.int64(218), 'GABA': np.int64(43), 'ACH': np.int64(1)}"
C2,1067,3,0.6585210121699702,GABA,0.8444236176194939,"{'GABA': np.int64(901), 'ACH': np.int64(160), 'GLUT': np.int64(6)}"
MTe04,30,2,0.6500224216483541,ACH,0.8333333333333334,"{'ACH': np.int64(25), 'GLUT': np.int64(5)}"
LPi04,72,2,0.6500224216483541,GLUT,0.8333333333333334,"{'GLUT': np.int64(60), 'GABA': np.int64(12)}"
ORN_VA2,36,2,0.6500224216483541,SER,0.8333333333333334,"{'SER': np.int64(30), 'ACH': np.int64(6)}"
ORN_VA1d,66,2,0.6136190195993708,ACH,0.8484848484848485,"{'ACH': np.int64(56), 'SER': np.int64(10)}"
Mi9,1193,3,0.6046549048915433,GLUT,0.8549874266554903,"{'GLUT': np.int64(1020), 'GABA': np.int64(172), 'ACH': np.int64(1)}"
LPi07,64,2,0.5858732928619205,GABA,0.859375,"{'GABA': np.int64(55), 'GLUT': np.int64(9)}"
ORN_DC1,22,2,0.5746356978376794,ACH,0.8636363636363636,"{'ACH': np.int64(19), 'SER': np.int64(3)}"
LPi02,74,2,0.5713549744279549,GLUT,0.8648648648648649,"{'GLUT': np.int64(64), 'GABA': np.int64(10)}"
Dm1,45,2,0.5665095065529053,GABA,0.8666666666666667,"{'GABA': np.int64(39), 'GLUT': np.int64(6)}"
Mi15,697,4,0.536388541555014,ACH,0.8852223816355811,"{'ACH': np.int64(617), 'GLUT': np.int64(78), 'SER': np.int64(1), 'GABA': np.int64(1)}"
SA_DMT_DMetaN_12,23,3,0.5131851787372753,ACH,0.9130434782608695,"{'ACH': np.int64(21), 'SER': np.int64(1), 'GLUT': np.int64(1)}"
Dm15,312,3,0.5012507930905181,GLUT,0.9006410256410257,"{'GLUT': np.int64(281), 'GABA': np.int64(29), 'ACH': np.int64(2)}"
hDeltaJ,28,2,0.49123734182433315,ACH,0.8928571428571429,"{'ACH': np.int64(25), 'SER': np.int64(3)}"
DmDRA1,37,3,0.4804334574529622,GLUT,0.918918918918919,"{'GLUT': np.int64(34), 'GABA': np.int64(2), 'ACH': np.int64(1)}"
ORN_DA1,102,2,0.4305518670104394,ACH,0.9117647058823529,"{'ACH': np.int64(93), 'SER': np.int64(9)}"
ORN_DA4m,23,2,0.4262286569981449,SER,0.9130434782608695,"{'SER': np.int64(21), 'ACH': np.int64(2)}"
LPi06,24,2,0.41381685030363374,GLUT,0.9166666666666666,"{'GLUT': np.int64(22), 'GABA': np.int64(2)}"
LC24,73,2,0.409855370318405,ACH,0.9178082191780822,"{'ACH': np.int64(67), 'GLUT': np.int64(6)}"
L4,1110,3,0.3976686342847273,ACH,0.9378378378378378,"{'ACH': np.int64(1041), 'GLUT': np.int64(38), 'GABA': np.int64(31)}"
Tm33,104,3,0.3956193268288006,GLUT,0.9326923076923077,"{'GLUT': np.int64(97), 'GABA': np.int64(6), 'ACH': np.int64(1)}"
Sm09,134,3,0.3890516114819449,GLUT,0.9328358208955224,"{'GLUT': np.int64(125), 'GABA': np.int64(8), 'ACH': np.int64(1)}"
Dm3q,622,4,0.38611167247097283,GLUT,0.932475884244373,"{'GLUT': np.int64(580), 'GABA': np.int64(39), 'ACH': np.int64(2), 'OCT': np.int64(1)}"
Sm15,101,3,0.38448813823925043,GLUT,0.9405940594059405,"{'GLUT': np.int64(95), 'ACH': np.int64(3), 'GABA': np.int64(3)}"
Dm3p,681,3,0.355593725736809,GLUT,0.9353891336270191,"{'GLUT': np.int64(637), 'GABA': np.int64(43), 'ACH': np.int64(1)}"
LPi01,30,2,0.35335933502142136,GLUT,0.9333333333333333,"{'GLUT': np.int64(28), 'GABA': np.int64(2)}"
Dm8b,331,4,0.3520569755296152,GLUT,0.9516616314199395,"{'GLUT': np.int64(315), 'ACH': np.int64(7), 'GABA': np.int64(6), 'OCT': np.int64(3)}"
ORN_VM2,32,2,0.3372900666170139,ACH,0.9375,"{'ACH': np.int64(30), 'SER': np.int64(2)}"
ORN_DA4l,32,2,0.3372900666170139,SER,0.9375,"{'SER': np.int64(30), 'ACH': np.int64(2)}"
Sm14,35,2,0.31599713297842463,GLUT,0.9428571428571428,"{'GLUT': np.int64(33), 'GABA': np.int64(2)}"
ORN_DM2,35,2,0.31599713297842463,SER,0.9428571428571428,"{'SER': np.int64(33), 'ACH': np.int64(2)}"
JO-B,86,3,0.30912345376202427,ACH,0.9534883720930233,"{'ACH': np.int64(82), 'SER': np.int64(3), 'GABA': np.int64(1)}"
FS4A,45,3,0.3067556640587811,ACH,0.9555555555555556,"{'ACH': np.int64(43), 'SER': np.int64(1), 'GLUT': np.int64(1)}"
LPi10,37,2,0.30337483608641397,GLUT,0.9459459459459459,"{'GLUT': np.int64(35), 'GABA': np.int64(2)}"
Tm32,167,2,0.30270618933056076,GLUT,0.9461077844311377,"{'GLUT': np.int64(158), 'ACH': np.int64(9)}"
T4d,1220,3,0.301201886956432,ACH,0.9565573770491803,"{'ACH': np.int64(1167), 'GLUT': np.int64(28), 'GABA': np.int64(25)}"
LMt4,39,2,0.29181825659888583,GLUT,0.9487179487179487,"{'GLUT': np.int64(37), 'GABA': np.int64(2)}"
LC12,149,3,0.2805000563057208,ACH,0.959731543624161,"{'ACH': np.int64(143), 'GLUT': np.int64(4), 'OCT': np.int64(2)}"
FS3,51,3,0.27790019762551116,ACH,0.9607843137254902,"{'ACH': np.int64(49), 'SER': np.int64(1), 'GLUT': np.int64(1)}"
Mi14,217,3,0.2698855118299763,GLUT,0.9585253456221198,"{'GLUT': np.int64(208), 'GABA': np.int64(8), 'ACH': np.int64(1)}"
Tm40,23,2,0.2580186686648155,ACH,0.9565217391304348,"{'ACH': np.int64(22), 'GABA': np.int64(1)}"
Lawf1,182,3,0.25795002714933096,ACH,0.9615384615384616,"{'ACH': np.int64(175), 'GABA': np.int64(6), 'GLUT': np.int64(1)}"
LMa5,70,2,0.2552421131901918,GLUT,0.9571428571428572,"{'GLUT': np.int64(67), 'GABA': np.int64(3)}"
ORN_VM6m,24,2,0.24988229283318544,ACH,0.9583333333333334,"{'ACH': np.int64(23), 'GABA': np.int64(1)}"
T5d,1138,3,0.2388913378955883,ACH,0.9666080843585237,"{'ACH': np.int64(1100), 'GLUT': np.int64(28), 'GABA': np.int64(10)}"
FC2B,26,2,0.23519338181924143,ACH,0.9615384615384616,"{'ACH': np.int64(25), 'SER': np.int64(1)}"
Tm5c,533,3,0.2234183481482849,GLUT,0.9662288930581614,"{'GLUT': np.int64(515), 'GABA': np.int64(17), 'ACH': np.int64(1)}"
LPi05,70,3,0.21574768544463674,GLUT,0.9714285714285714,"{'GLUT': np.int64(68), 'ACH': np.int64(1), 'GABA': np.int64(1)}"
LC16,117,2,0.21497820032771042,ACH,0.9658119658119658,"{'ACH': np.int64(113), 'GLUT': np.int64(4)}"
ORN_DA2,30,2,0.21084230031853213,ACH,0.9666666666666667,"{'ACH': np.int64(29), 'SER': np.int64(1)}"
JO-FVA,31,2,0.205592508185083,ACH,0.967741935483871,"{'ACH': np.int64(30), 'SER': np.int64(1)}"
FC2C,33,2,0.19590927087360493,ACH,0.9696969696969697,"{'ACH': np.int64(32), 'SER': np.int64(1)}"
TuBu09,34,2,0.19143325481419343,ACH,0.9705882352941176,"{'ACH': np.int64(33), 'GLUT': np.int64(1)}"
SLP405,34,2,0.19143325481419343,ACH,0.9705882352941176,"{'ACH': np.int64(33), 'SER': np.int64(1)}"
LPi11,35,2,0.18717625687320816,GABA,0.9714285714285714,"{'GABA': np.int64(34), 'GLUT': np.int64(1)}"
Tm5e,414,3,0.16771011196295327,GLUT,0.9782608695652174,"{'GLUT': np.int64(405), 'GABA': np.int64(7), 'ACH': np.int64(2)}"
Tm5d,285,2,0.16633704704670643,GLUT,0.9754385964912281,"{'GLUT': np.int64(278), 'GABA': np.int64(7)}"
vDeltaL,41,2,0.1654270339962668,ACH,0.975609756097561,"{'ACH': np.int64(40), 'SER': np.int64(1)}"
ORN_DM3,41,2,0.1654270339962668,SER,0.975609756097561,"{'SER': np.int64(40), 'ACH': np.int64(1)}"
LC20b,45,2,0.15374218032876188,GLUT,0.9777777777777777,"{'GLUT': np.int64(44), 'ACH': np.int64(1)}"
Dm6,48,2,0.1460942501201363,GABA,0.9791666666666666,"{'GABA': np.int64(47), 'GLUT': np.int64(1)}"
TPMN1,48,2,0.1460942501201363,ACH,0.9791666666666666,"{'ACH': np.int64(47), 'GLUT': np.int64(1)}"
Lawf2,281,3,0.14171190715767118,ACH,0.9822064056939501,"{'ACH': np.int64(276), 'GABA': np.int64(4), 'DA': np.int64(1)}"
vDeltaA_a,52,2,0.1370994788998177,ACH,0.9807692307692307,"{'ACH': np.int64(51), 'DA': np.int64(1)}"
LCe02,52,2,0.1370994788998177,ACH,0.9807692307692307,"{'ACH': np.int64(51), 'GLUT': np.int64(1)}"
claw_tpGRN,53,2,0.13503620280212764,ACH,0.9811320754716981,"{'ACH': np.int64(52), 'SER': np.int64(1)}"
vDeltaM,54,2,0.13303964861069895,ACH,0.9814814814814815,"{'ACH': np.int64(53), 'DA': np.int64(1)}"
aMe5,55,2,0.13110652958234503,ACH,0.9818181818181818,"{'ACH': np.int64(54), 'GABA': np.int64(1)}"
LC26,57,2,0.12741851179235877,ACH,0.9824561403508771,"{'ACH': np.int64(56), 'GLUT': np.int64(1)}"
Sm03,143,3,0.12017384944811041,GLUT,0.986013986013986,"{'GLUT': np.int64(141), 'ACH': np.int64(1), 'GABA': np.int64(1)}"
Li10,184,2,0.1201543850557974,GLUT,0.9836956521739131,"{'GLUT': np.int64(181), 'ACH': np.int64(3)}"
LC25,62,2,0.11911602665564835,GLUT,0.9838709677419355,"{'GLUT': np.int64(61), 'ACH': np.int64(1)}"
Sm07,310,3,0.11238027668084585,GABA,0.9870967741935484,"{'GABA': np.int64(306), 'ACH': np.int64(2), 'GLUT': np.int64(2)}"
ORN_VM5d,67,2,0.11190990870168403,ACH,0.9850746268656716,"{'ACH': np.int64(66), 'SER': np.int64(1)}"
Sm06,156,3,0.1117796081762559,GABA,0.9871794871794872,"{'GABA': np.int64(154), 'ACH': np.int64(1), 'GLUT': np.int64(1)}"
Sm05,135,2,0.11124104948299228,GABA,0.9851851851851852,"{'GABA': np.int64(133), 'ACH': np.int64(2)}"
ORN_VM4,70,2,0.10802319526362832,ACH,0.9857142857142858,"{'ACH': np.int64(69), 'SER': np.int64(1)}"
Pm09,71,2,0.10679203237584187,GABA,0.9859154929577465,"{'GABA': np.int64(70), 'ACH': np.int64(1)}"
Sm10,76,2,0.10106696361212415,GABA,0.9868421052631579,"{'GABA': np.int64(75), 'ACH': np.int64(1)}"
TmY5a,1151,3,0.0993154929733503,GLUT,0.9887054735013032,"{'GLUT': np.int64(1138), 'GABA': np.int64(9), 'ACH': np.int64(4)}"
Y1,161,2,0.09645482910708593,GLUT,0.9875776397515528,"{'GLUT': np.int64(159), 'GABA': np.int64(2)}"
MTe01a,82,2,0.09501724567107636,GLUT,0.9878048780487805,"{'GLUT': np.int64(81), 'GABA': np.int64(1)}"
Li01,164,2,0.09501724567107636,GLUT,0.9878048780487805,"{'GLUT': np.int64(162), 'GABA': np.int64(2)}"
cLP02,87,2,0.09054385326964295,GABA,0.9885057471264368,"{'GABA': np.int64(86), 'GLUT': np.int64(1)}"
Tlp4,91,2,0.08728058888363333,GLUT,0.989010989010989,"{'GLUT': np.int64(90), 'GABA': np.int64(1)}"
JO-E,101,2,0.08013604733127525,ACH,0.9900990099009901,"{'ACH': np.int64(100), 'GABA': np.int64(1)}"
Li02,102,2,0.07949044238393407,ACH,0.9901960784313726,"{'ACH': np.int64(101), 'GLUT': np.int64(1)}"
Tm31,107,2,0.07642429309554775,GABA,0.9906542056074766,"{'GABA': np.int64(106), 'GLUT': np.int64(1)}"
L5,1427,3,0.07284889460099946,ACH,0.9922915206727401,"{'ACH': np.int64(1416), 'GLUT': np.int64(6), 'GABA': np.int64(5)}"
Tm37,229,2,0.07227581161206317,ACH,0.9912663755458515,"{'ACH': np.int64(227), 'GLUT': np.int64(2)}"
Dm10,479,2,0.0696495721898393,GABA,0.9916492693110647,"{'GABA': np.int64(475), 'ACH': np.int64(4)}"
T4a,1375,3,0.06938708306249577,ACH,0.9927272727272727,"{'ACH': np.int64(1365), 'GABA': np.int64(5), 'GLUT': np.int64(5)}"
Tm36,278,2,0.06155707966316687,ACH,0.9928057553956835,"{'ACH': np.int64(276), 'GLUT': np.int64(2)}"
Sm12,143,2,0.06012244887863518,GABA,0.993006993006993,"{'GABA': np.int64(142), 'GLUT': np.int64(1)}"
T5a,1393,3,0.05649365647510572,ACH,0.994256999282125,"{'ACH': np.int64(1385), 'GLUT': np.int64(5), 'GABA': np.int64(3)}"
Y4,162,2,0.054185698091702955,GLUT,0.9938271604938271,"{'GLUT': np.int64(161), 'ACH': np.int64(1)}"
T5c,1459,3,0.05205242552224368,ACH,0.9945167923235092,"{'ACH': np.int64(1451), 'GLUT': np.int64(7), 'GABA': np.int64(1)}"
Dm9,179,2,0.04984622021387214,ACH,0.994413407821229,"{'ACH': np.int64(178), 'GABA': np.int64(1)}"
LC10c,200,2,0.0454146923337941,ACH,0.995,"{'ACH': np.int64(199), 'GLUT': np.int64(1)}"
C3,1502,3,0.040176585885549315,GABA,0.996005326231691,"{'GABA': np.int64(1496), 'ACH': np.int64(5), 'GLUT': np.int64(1)}"
LC10a,232,2,0.04007569957968721,ACH,0.9956896551724138,"{'ACH': np.int64(231), 'GLUT': np.int64(1)}"
Pm01,239,2,0.03908175497953278,GABA,0.99581589958159,"{'GABA': np.int64(238), 'ACH': np.int64(1)}"
MeTu1,242,2,0.038671790863764946,ACH,0.9958677685950413,"{'ACH': np.int64(241), 'GABA': np.int64(1)}"
T4b,1427,3,0.030079099917705986,ACH,0.9971969166082691,"{'ACH': np.int64(1423), 'GABA': np.int64(3), 'GLUT': np.int64(1)}"
L3,1379,3,0.024373889831538886,ACH,0.9978245105148659,"{'ACH': np.int64(1376), 'GABA': np.int64(2), 'GLUT': np.int64(1)}"
T5b,1414,3,0.02384737607195917,ACH,0.9978783592644979,"{'ACH': np.int64(1411), 'GABA': np.int64(2), 'GLUT': np.int64(1)}"
TmY4,430,2,0.023695834967820677,ACH,0.9976744186046511,"{'ACH': np.int64(429), 'GABA': np.int64(1)}"
Tm20,1459,3,0.02320488338786912,ACH,0.997943797121316,"{'ACH': np.int64(1456), 'GABA': np.int64(2), 'GLUT': np.int64(1)}"
TmY10,446,2,0.022964072555005984,ACH,0.9977578475336323,"{'ACH': np.int64(445), 'GLUT': np.int64(1)}"
Mi1,1487,2,0.020970676230336868,ACH,0.9979825151311366,"{'ACH': np.int64(1484), 'GLUT': np.int64(3)}"
Tm27,1102,3,0.020956975673495064,ACH,0.9981851179673321,"{'ACH': np.int64(1100), 'GABA': np.int64(1), 'GLUT': np.int64(1)}"
Tm25,715,2,0.015277601572357066,ACH,0.9986013986013986,"{'ACH': np.int64(714), 'GLUT': np.int64(1)}"
TmY3,726,2,0.015076483100206293,ACH,0.9986225895316805,"{'ACH': np.int64(725), 'GLUT': np.int64(1)}"
Tm9,1518,2,0.014505534000858198,ACH,0.9986824769433466,"{'ACH': np.int64(1516), 'GABA': np.int64(2)}"
Mi4,1526,2,0.014439434423113212,GABA,0.9986893840104849,"{'GABA': np.int64(1524), 'ACH': np.int64(2)}"
Tm21,1272,2,0.00924136065282799,ACH,0.9992138364779874,"{'ACH': np.int64(1271), 'GABA': np.int64(1)}"
PAM12,23,1,-0.0,DA,1.0,{'DA': np.int64(23)}
LC10b,83,1,-0.0,ACH,1.0,{'ACH': np.int64(83)}
LC27,37,1,-0.0,ACH,1.0,{'ACH': np.int64(37)}
PEG,20,1,-0.0,ACH,1.0,{'ACH': np.int64(20)}
LC28a,96,1,-0.0,ACH,1.0,{'ACH': np.int64(96)}
ORN_DC2,20,1,-0.0,ACH,1.0,{'ACH': np.int64(20)}
LC29,43,1,-0.0,ACH,1.0,{'ACH': np.int64(43)}
LC22,89,1,-0.0,ACH,1.0,{'ACH': np.int64(89)}
Sm08,163,1,-0.0,GABA,1.0,{'GABA': np.int64(163)}
ORN_D,31,1,-0.0,ACH,1.0,{'ACH': np.int64(31)}
Sm13,39,1,-0.0,GABA,1.0,{'GABA': np.int64(39)}
Sm16,68,1,-0.0,GABA,1.0,{'GABA': np.int64(68)}
PAM08,43,1,-0.0,DA,1.0,{'DA': np.int64(43)}
LC20a,37,1,-0.0,ACH,1.0,{'ACH': np.int64(37)}
Sm18,39,1,-0.0,GABA,1.0,{'GABA': np.int64(39)}
Sm20,59,1,-0.0,ACH,1.0,{'ACH': np.int64(59)}
LC14b,38,1,-0.0,ACH,1.0,{'ACH': np.int64(38)}
Mi10,405,1,-0.0,ACH,1.0,{'ACH': np.int64(405)}
LPLC4,110,1,-0.0,ACH,1.0,{'ACH': np.int64(110)}
LC18,188,1,-0.0,ACH,1.0,{'ACH': np.int64(188)}
LC15,104,1,-0.0,ACH,1.0,{'ACH': np.int64(104)}
LC17,201,1,-0.0,ACH,1.0,{'ACH': np.int64(201)}
LC21,130,1,-0.0,ACH,1.0,{'ACH': np.int64(130)}
PS008,24,1,-0.0,GLUT,1.0,{'GLUT': np.int64(24)}
PVLP004,29,1,-0.0,GLUT,1.0,{'GLUT': np.int64(29)}
PVLP008,29,1,-0.0,GLUT,1.0,{'GLUT': np.int64(29)}
SMP018,21,1,-0.0,ACH,1.0,{'ACH': np.int64(21)}
SA_DLV,23,1,-0.0,ACH,1.0,{'ACH': np.int64(23)}
PVLP133,25,1,-0.0,ACH,1.0,{'ACH': np.int64(25)}
Pm11,33,1,-0.0,GABA,1.0,{'GABA': np.int64(33)}
Pm02,178,1,-0.0,GABA,1.0,{'GABA': np.int64(178)}
Pm10,46,1,-0.0,GABA,1.0,{'GABA': np.int64(46)}
Pm08,117,1,-0.0,GABA,1.0,{'GABA': np.int64(117)}
Pm03,188,1,-0.0,GABA,1.0,{'GABA': np.int64(188)}
Pm04,82,1,-0.0,GABA,1.0,{'GABA': np.int64(82)}
PEN_a/PEN1,20,1,-0.0,ACH,1.0,{'ACH': np.int64(20)}
PEN_b/PEN2,20,1,-0.0,ACH,1.0,{'ACH': np.int64(20)}
LPLC2,208,1,-0.0,ACH,1.0,{'ACH': np.int64(208)}
PFNa,54,1,-0.0,ACH,1.0,{'ACH': np.int64(54)}
Pm07,41,1,-0.0,GABA,1.0,{'GABA': np.int64(41)}
PFNd,39,1,-0.0,ACH,1.0,{'ACH': np.int64(39)}
Pm06,51,1,-0.0,GABA,1.0,{'GABA': np.int64(51)}
LC10d,188,1,-0.0,ACH,1.0,{'ACH': np.int64(188)}
PFNm,81,1,-0.0,ACH,1.0,{'ACH': np.int64(81)}
Pm05,145,1,-0.0,GABA,1.0,{'GABA': np.int64(145)}
PFNv,21,1,-0.0,ACH,1.0,{'ACH': np.int64(21)}
PLP115_b,22,1,-0.0,ACH,1.0,{'ACH': np.int64(22)}
ORN_VM7v,26,1,-0.0,ACH,1.0,{'ACH': np.int64(26)}
PAM01,28,1,-0.0,DA,1.0,{'DA': np.int64(28)}
PAM04,23,1,-0.0,DA,1.0,{'DA': np.int64(23)}
PAM05,20,1,-0.0,DA,1.0,{'DA': np.int64(20)}
PAM06,30,1,-0.0,DA,1.0,{'DA': np.int64(30)}
PFL3,24,1,-0.0,ACH,1.0,{'ACH': np.int64(24)}
KCg-d,295,1,-0.0,ACH,1.0,{'ACH': np.int64(295)}
Tlp1,139,1,-0.0,GLUT,1.0,{'GLUT': np.int64(139)}
WED057,21,1,-0.0,GABA,1.0,{'GABA': np.int64(21)}
Tm8a,234,1,-0.0,ACH,1.0,{'ACH': np.int64(234)}
LPTe01,38,1,-0.0,ACH,1.0,{'ACH': np.int64(38)}
LT51,22,1,-0.0,GLUT,1.0,{'GLUT': np.int64(22)}
LT52,29,1,-0.0,GLUT,1.0,{'GLUT': np.int64(29)}
LT57,22,1,-0.0,ACH,1.0,{'ACH': np.int64(22)}
Li03,83,1,-0.0,GABA,1.0,{'GABA': np.int64(83)}
TuBu08,22,1,-0.0,ACH,1.0,{'ACH': np.int64(22)}
Tm35,118,1,-0.0,GLUT,1.0,{'GLUT': np.int64(118)}
Tm4,1488,1,-0.0,ACH,1.0,{'ACH': np.int64(1488)}
Tm5a,451,1,-0.0,ACH,1.0,{'ACH': np.int64(451)}
BM_Ant,40,1,-0.0,ACH,1.0,{'ACH': np.int64(40)}
Tm5f,799,1,-0.0,ACH,1.0,{'ACH': np.int64(799)}
Tm7,484,1,-0.0,ACH,1.0,{'ACH': np.int64(484)}
FC1D,29,1,-0.0,ACH,1.0,{'ACH': np.int64(29)}
FC3,46,1,-0.0,ACH,1.0,{'ACH': np.int64(46)}
FS1A,36,1,-0.0,ACH,1.0,{'ACH': np.int64(36)}
Tm3,1743,1,-0.0,ACH,1.0,{'ACH': np.int64(1743)}
Tm34,71,1,-0.0,GLUT,1.0,{'GLUT': np.int64(71)}
hDeltaK,26,1,-0.0,SER,1.0,{'SER': np.int64(26)}
ER3a_a,23,1,-0.0,GABA,1.0,{'GABA': np.int64(23)}
ER3d,46,1,-0.0,GABA,1.0,{'GABA': np.int64(46)}
ER3w,25,1,-0.0,GABA,1.0,{'GABA': np.int64(25)}
ER4d,24,1,-0.0,GABA,1.0,{'GABA': np.int64(24)}
ER5,21,1,-0.0,GABA,1.0,{'GABA': np.int64(21)}
FC1A,36,1,-0.0,ACH,1.0,{'ACH': np.int64(36)}
Tm5b,456,1,-0.0,ACH,1.0,{'ACH': np.int64(456)}
LC10e,101,1,-0.0,ACH,1.0,{'ACH': np.int64(101)}
LC11,127,1,-0.0,ACH,1.0,{'ACH': np.int64(127)}
LC13,145,1,-0.0,ACH,1.0,{'ACH': np.int64(145)}
LC14a1,30,1,-0.0,ACH,1.0,{'ACH': np.int64(30)}
LC14a2,23,1,-0.0,ACH,1.0,{'ACH': np.int64(23)}
SMP568,20,1,-0.0,ACH,1.0,{'ACH': np.int64(20)}
Sm01,256,1,-0.0,ACH,1.0,{'ACH': np.int64(256)}
Sm02,378,1,-0.0,ACH,1.0,{'ACH': np.int64(378)}
KCg-m,2189,1,-0.0,ACH,1.0,{'ACH': np.int64(2189)}
L2,1562,1,-0.0,ACH,1.0,{'ACH': np.int64(1562)}
LPLC1,140,1,-0.0,ACH,1.0,{'ACH': np.int64(140)}
TmY15,254,1,-0.0,GABA,1.0,{'GABA': np.int64(254)}
AN_GNG_165,33,1,-0.0,ACH,1.0,{'ACH': np.int64(33)}
TmY20,282,1,-0.0,ACH,1.0,{'ACH': np.int64(282)}
KCapbp-m,338,1,-0.0,ACH,1.0,{'ACH': np.int64(338)}
TmY9q__perp,372,1,-0.0,ACH,1.0,{'ACH': np.int64(372)}
EPG,47,1,-0.0,ACH,1.0,{'ACH': np.int64(47)}
ER1,27,1,-0.0,GABA,1.0,{'GABA': np.int64(27)}
ER2,41,1,-0.0,GABA,1.0,{'GABA': np.int64(41)}
Tm8b,126,1,-0.0,ACH,1.0,{'ACH': np.int64(126)}
TmY11,374,1,-0.0,ACH,1.0,{'ACH': np.int64(374)}
Tm1,1553,1,-0.0,ACH,1.0,{'ACH': np.int64(1553)}
Tm16,343,1,-0.0,ACH,1.0,{'ACH': np.int64(343)}
Tm2,1548,1,-0.0,ACH,1.0,{'ACH': np.int64(1548)}
Dm13,49,1,-0.0,GABA,1.0,{'GABA': np.int64(49)}
Dm18,48,1,-0.0,GABA,1.0,{'GABA': np.int64(48)}
Dm2,1218,1,-0.0,ACH,1.0,{'ACH': np.int64(1218)}
KCapbp-ap1,280,1,-0.0,ACH,1.0,{'ACH': np.int64(280)}
KCapbp-ap2,298,1,-0.0,ACH,1.0,{'ACH': np.int64(298)}
TmY31,317,1,-0.0,ACH,1.0,{'ACH': np.int64(317)}
FS2,33,1,-0.0,ACH,1.0,{'ACH': np.int64(33)}
T3,1673,1,-0.0,ACH,1.0,{'ACH': np.int64(1673)}
T4c,1605,1,-0.0,ACH,1.0,{'ACH': np.int64(1605)}
s-CPDN3A,35,1,-0.0,GLUT,1.0,{'GLUT': np.int64(35)}
s-CPDN3B,25,1,-0.0,GLUT,1.0,{'GLUT': np.int64(25)}
Sm21,41,1,-0.0,ACH,1.0,{'ACH': np.int64(41)}
Sm23,41,1,-0.0,GABA,1.0,{'GABA': np.int64(41)}
Sm26,20,1,-0.0,ACH,1.0,{'ACH': np.int64(20)}
Sm30,26,1,-0.0,GABA,1.0,{'GABA': np.int64(26)}
Sm31,23,1,-0.0,GABA,1.0,{'GABA': np.int64(23)}
Sm32,60,1,-0.0,GABA,1.0,{'GABA': np.int64(60)}
T2,1456,1,-0.0,ACH,1.0,{'ACH': np.int64(1456)}
TuBu03,26,1,-0.0,ACH,1.0,{'ACH': np.int64(26)}
MTe05,25,1,-0.0,ACH,1.0,{'ACH': np.int64(25)}
MTe50,54,1,-0.0,ACH,1.0,{'ACH': np.int64(54)}
ORN_DL3,68,1,-0.0,SER,1.0,{'SER': np.int64(68)}
Li17,89,1,-0.0,GABA,1.0,{'GABA': np.int64(89)}
Li16,36,1,-0.0,GABA,1.0,{'GABA': np.int64(36)}
Li15,32,1,-0.0,GABA,1.0,{'GABA': np.int64(32)}
Li14,26,1,-0.0,GABA,1.0,{'GABA': np.int64(26)}
MTe03,47,1,-0.0,ACH,1.0,{'ACH': np.int64(47)}
MTe02,73,1,-0.0,ACH,1.0,{'ACH': np.int64(73)}
MTe01b,52,1,-0.0,ACH,1.0,{'ACH': np.int64(52)}
MTe51,99,1,-0.0,ACH,1.0,{'ACH': np.int64(99)}
MLt7,48,1,-0.0,ACH,1.0,{'ACH': np.int64(48)}
MLt6,59,1,-0.0,ACH,1.0,{'ACH': np.int64(59)}
MLt5,66,1,-0.0,ACH,1.0,{'ACH': np.int64(66)}
MLt4,89,1,-0.0,ACH,1.0,{'ACH': np.int64(89)}
MeTu3a,40,1,-0.0,ACH,1.0,{'ACH': np.int64(40)}
MeTu2a,70,1,-0.0,ACH,1.0,{'ACH': np.int64(70)}
MTe54,54,1,-0.0,ACH,1.0,{'ACH': np.int64(54)}
MTe52,42,1,-0.0,ACH,1.0,{'ACH': np.int64(42)}
MLt8,23,1,-0.0,ACH,1.0,{'ACH': np.int64(23)}
CB1078,25,1,-0.0,ACH,1.0,{'ACH': np.int64(25)}
BM_vOcci_vPoOr,39,1,-0.0,ACH,1.0,{'ACH': np.int64(39)}
BM_Vib,36,1,-0.0,ACH,1.0,{'ACH': np.int64(36)}
BM_Taste,66,1,-0.0,ACH,1.0,{'ACH': np.int64(66)}
BM_MaPa,23,1,-0.0,ACH,1.0,{'ACH': np.int64(23)}
AN_AVLP_53,27,1,-0.0,ACH,1.0,{'ACH': np.int64(27)}
FC1C,37,1,-0.0,ACH,1.0,{'ACH': np.int64(37)}
FS1B,21,1,-0.0,ACH,1.0,{'ACH': np.int64(21)}
Tlp5,55,1,-0.0,GLUT,1.0,{'GLUT': np.int64(55)}
Li04,26,1,-0.0,GABA,1.0,{'GABA': np.int64(26)}
T2a,1753,1,-0.0,ACH,1.0,{'ACH': np.int64(1753)}
hDeltaC,20,1,-0.0,ACH,1.0,{'ACH': np.int64(20)}
cLP03,39,1,-0.0,GABA,1.0,{'GABA': np.int64(39)}
cLP01,48,1,-0.0,GABA,1.0,{'GABA': np.int64(48)}
aPhM1,23,1,-0.0,ACH,1.0,{'ACH': np.int64(23)}
Y3,602,1,-0.0,ACH,1.0,{'ACH': np.int64(602)}
KCab-p,128,1,-0.0,ACH,1.0,{'ACH': np.int64(128)}
vDeltaK,39,1,-0.0,ACH,1.0,{'ACH': np.int64(39)}
vDeltaD,22,1,-0.0,ACH,1.0,{'ACH': np.int64(22)}
s-CPDN3E,24,1,-0.0,GLUT,1.0,{'GLUT': np.int64(24)}
s-CPDN3D,37,1,-0.0,GLUT,1.0,{'GLUT': np.int64(37)}
s-CPDN3C,32,1,-0.0,GLUT,1.0,{'GLUT': np.int64(32)}
Y11,128,1,-0.0,GLUT,1.0,{'GLUT': np.int64(128)}
KCab,1643,1,-0.0,ACH,1.0,{'ACH': np.int64(1643)}
CB1964,21,1,-0.0,ACH,1.0,{'ACH': np.int64(21)}
IbSpsP,30,1,-0.0,ACH,1.0,{'ACH': np.int64(30)}
HRN_VP4,29,1,-0.0,ACH,1.0,{'ACH': np.int64(29)}
FS4C,25,1,-0.0,ACH,1.0,{'ACH': np.int64(25)}
FS4B,25,1,-0.0,ACH,1.0,{'ACH': np.int64(25)}
TmY9q,353,1,-0.0,ACH,1.0,{'ACH': np.int64(353)}
Delta7,40,1,-0.0,GLUT,1.0,{'GLUT': np.int64(40)}
CB4244,20,1,-0.0,ACH,1.0,{'ACH': np.int64(20)}
CB2517,26,1,-0.0,GLUT,1.0,{'GLUT': np.int64(26)}
JO-EDM,37,1,-0.0,ACH,1.0,{'ACH': np.int64(37)}
ORN_VM7d,33,1,-0.0,ACH,1.0,{'ACH': np.int64(33)}
ORN_VM6v,26,1,-0.0,ACH,1.0,{'ACH': np.int64(26)}
ORN_VM5v,23,1,-0.0,ACH,1.0,{'ACH': np.int64(23)}
ORN_VM1,25,1,-0.0,ACH,1.0,{'ACH': np.int64(25)}
ORN_VL2p,27,1,-0.0,ACH,1.0,{'ACH': np.int64(27)}
ORN_VL2a,71,1,-0.0,ACH,1.0,{'ACH': np.int64(71)}
ORN_VC5,25,1,-0.0,ACH,1.0,{'ACH': np.int64(25)}
Li18,32,1,-0.0,GABA,1.0,{'GABA': np.int64(32)}
LC31a,35,1,-0.0,ACH,1.0,{'ACH': np.int64(35)}
MeTu4d,33,1,-0.0,ACH,1.0,{'ACH': np.int64(33)}
MeTu4c,93,1,-0.0,ACH,1.0,{'ACH': np.int64(93)}
MeTu4b,21,1,-0.0,ACH,1.0,{'ACH': np.int64(21)}
MeTu4a,126,1,-0.0,ACH,1.0,{'ACH': np.int64(126)}
MeTu3c,137,1,-0.0,ACH,1.0,{'ACH': np.int64(137)}
MeTu3b,96,1,-0.0,ACH,1.0,{'ACH': np.int64(96)}
LCe01a,21,1,-0.0,GLUT,1.0,{'GLUT': np.int64(21)}
ORN_VC4,23,1,-0.0,ACH,1.0,{'ACH': np.int64(23)}
LPC2,111,1,-0.0,ACH,1.0,{'ACH': np.int64(111)}
ORN_DM6,44,1,-0.0,ACH,1.0,{'ACH': np.int64(44)}
ORN_DM4,29,1,-0.0,ACH,1.0,{'ACH': np.int64(29)}
ORN_DL5,40,1,-0.0,ACH,1.0,{'ACH': np.int64(40)}
ORN_DL4,41,1,-0.0,SER,1.0,{'SER': np.int64(41)}
Y12,196,1,-0.0,GLUT,1.0,{'GLUT': np.int64(196)}
ORN_DL1,67,1,-0.0,ACH,1.0,{'ACH': np.int64(67)}
ORN_DP1l,24,1,-0.0,ACH,1.0,{'ACH': np.int64(24)}
ORN_DC3,32,1,-0.0,ACH,1.0,{'ACH': np.int64(32)}
ORN_VC3,31,1,-0.0,ACH,1.0,{'ACH': np.int64(31)}
ORN_VC1,26,1,-0.0,ACH,1.0,{'ACH': np.int64(26)}
ORN_VA7m,21,1,-0.0,ACH,1.0,{'ACH': np.int64(21)}
ORN_VA6,60,1,-0.0,ACH,1.0,{'ACH': np.int64(60)}
ORN_VA4,31,1,-0.0,ACH,1.0,{'ACH': np.int64(31)}
ORN_VA3,29,1,-0.0,ACH,1.0,{'ACH': np.int64(29)}
ORN_DP1m,32,1,-0.0,ACH,1.0,{'ACH': np.int64(32)}
ORN_DC4,22,1,-0.0,ACH,1.0,{'ACH': np.int64(22)}
LMt1,49,1,-0.0,GLUT,1.0,{'GLUT': np.int64(49)}
LMa4,65,1,-0.0,GABA,1.0,{'GABA': np.int64(65)}
LMa2,37,1,-0.0,GABA,1.0,{'GABA': np.int64(37)}
LMa1,55,1,-0.0,GLUT,1.0,{'GLUT': np.int64(55)}
LLPt,68,1,-0.0,GABA,1.0,{'GABA': np.int64(68)}
Li13,67,1,-0.0,GABA,1.0,{'GABA': np.int64(67)}
Li12,42,1,-0.0,GLUT,1.0,{'GLUT': np.int64(42)}
LC9,179,1,-0.0,ACH,1.0,{'ACH': np.int64(179)}
Li09,52,1,-0.0,GABA,1.0,{'GABA': np.int64(52)}
Li08,44,1,-0.0,GABA,1.0,{'GABA': np.int64(44)}
Li07,22,1,-0.0,GABA,1.0,{'GABA': np.int64(22)}
Li06,196,1,-0.0,ACH,1.0,{'ACH': np.int64(196)}
Li05,167,1,-0.0,ACH,1.0,{'ACH': np.int64(167)}
MLt3,107,1,-0.0,ACH,1.0,{'ACH': np.int64(107)}
MLt2,101,1,-0.0,ACH,1.0,{'ACH': np.int64(101)}
MLt1,92,1,-0.0,ACH,1.0,{'ACH': np.int64(92)}
Li11,62,1,-0.0,GABA,1.0,{'GABA': np.int64(62)}
LC6,120,1,-0.0,ACH,1.0,{'ACH': np.int64(120)}
LC45,24,1,-0.0,ACH,1.0,{'ACH': np.int64(24)}
LC40,37,1,-0.0,ACH,1.0,{'ACH': np.int64(37)}
LC4,103,1,-0.0,ACH,1.0,{'ACH': np.int64(103)}
LC36,35,1,-0.0,ACH,1.0,{'ACH': np.int64(35)}
LC33,29,1,-0.0,GLUT,1.0,{'GLUT': np.int64(29)}
LLPC3,204,1,-0.0,ACH,1.0,{'ACH': np.int64(204)}
LMt2,56,1,-0.0,GLUT,1.0,{'GLUT': np.int64(56)}
LLPC1,219,1,-0.0,ACH,1.0,{'ACH': np.int64(219)}
LHPV5c1,29,1,-0.0,ACH,1.0,{'ACH': np.int64(29)}
LHPV5b3,20,1,-0.0,ACH,1.0,{'ACH': np.int64(20)}
LCe04,37,1,-0.0,ACH,1.0,{'ACH': np.int64(37)}
LCe03,37,1,-0.0,GLUT,1.0,{'GLUT': np.int64(37)}
LCe01b,38,1,-0.0,GLUT,1.0,{'GLUT': np.int64(38)}
LPC1,164,1,-0.0,ACH,1.0,{'ACH': np.int64(164)}
LMt3,33,1,-0.0,GLUT,1.0,{'GLUT': np.int64(33)}
LLPC2,234,1,-0.0,ACH,1.0,{'ACH': np.int64(234)}
